experiment,image_encoder,audio_encoder,K,alpha,scope,R@1,R@5,R@10,R@20,routes_correct,routes_total,knn_overlap,pearson_r,nmi,ami,ari,v_measure,homogeneity,completeness,cap_cos_argmax,cap_cos_planmass,cap_cos_chance,cap_cos_identity,cap_cos_lift
a,clip-base,—,300,0.5,aggregate,0.74,0.905,0.94,0.9575,7,10,0.152,0.6276618242263794,0.3539123790558441,0.3191400942623377,0.2204320452331692,0.3539123790558441,0.3539352624272532,0.353889498643252,,,,,
a,clip-base,—,300,0.5,heldout,0.42,0.73,0.81,0.86,9,10,0.106,0.6221083402633667,0.4422059181364525,0.3033883829336406,0.198480491609487,0.4422059181364525,0.433843116330507,0.4508974611398547,,,,,
a,clip-large,—,300,0.5,aggregate,0.83,0.915,0.945,0.965,8,10,0.147,0.5870242714881897,0.3002029272789427,0.2624529780285595,0.156234458565247,0.3002029272789427,0.3023492674863811,0.2980868454802935,,,,,
a,clip-large,—,300,0.5,heldout,0.5,0.69,0.78,0.86,7,10,0.086,0.6173869967460632,0.4064364369780622,0.2586921409939585,0.1581066519446925,0.4064364369780622,0.4072436298764365,0.4056324376052922,,,,,
a,dinov2-base,—,300,0.5,aggregate,0.795,0.8675,0.895,0.9325,9,10,0.151,0.5690942406654358,0.3144336708822786,0.2773237265792817,0.1340574876389768,0.3144336708822786,0.3154781326224269,0.31339610217502,,,,,
a,dinov2-base,—,300,0.5,heldout,0.23,0.48,0.59,0.73,9,10,0.052,0.423495352268219,0.3231884044242479,0.151099384726892,0.0912265507952159,0.323188404424248,0.3218988743137486,0.3244883078313211,,,,,
a,dinov2-large,—,300,0.5,aggregate,0.825,0.8825,0.915,0.945,10,10,0.173,0.5616315603256226,0.3487279406054825,0.3141571709822499,0.1866540286217618,0.3487279406054825,0.3456558152186378,0.3518551646714098,,,,,
a,dinov2-large,—,300,0.5,heldout,0.34,0.54,0.66,0.78,4,10,0.06,0.5461316704750061,0.3496660724859978,0.1786217596677136,0.1947099303693276,0.3496660724859978,0.3467352725452163,0.3526468402950144,,,,,
a,dinov2-small,—,300,0.5,aggregate,0.7725,0.865,0.905,0.93,9,10,0.145,0.5817029476165771,0.3493348625921184,0.3146951415665048,0.1758155039390656,0.3493348625921184,0.3460907188225574,0.3526404009886839,,,,,
a,dinov2-small,—,300,0.5,heldout,0.24,0.46,0.62,0.72,7,10,0.07,0.5456169247627258,0.3500375684095566,0.1852571969124953,0.1033541626546427,0.3500375684095566,0.3456704036947439,0.3545164937258995,,,,,
a,vit-mae-base,—,300,0.5,aggregate,0.2525,0.4425,0.53,0.6225,8,10,0.0755,0.4814977347850799,0.1845911661171726,0.1417750178021133,0.077857045398752,0.1845911661171726,0.1848097462736594,0.1843731023927989,,,,,
a,vit-mae-base,—,300,0.5,heldout,0.02,0.11,0.16,0.28,5,10,0.046,0.3752714991569519,0.3103238946776226,0.1346931725338322,0.0537981607373246,0.3103238946776226,0.3084958202363458,0.3121737637563118,,,,,
b,—,clap-fused,300,0.5,aggregate,0.295,0.51,0.6275,0.72,11,20,0.105,0.5744014382362366,0.4146886522612248,0.2947594807578662,0.1370458135860979,0.4146886522612248,0.4101812078100917,0.4192962612155382,,,,,
b,—,clap-fused,300,0.5,heldout,0.04,0.17,0.35,0.45,11,20,0.07,0.5256679058074951,0.5370244185448574,0.1972752016249492,0.1124877291363236,0.5370244185448574,0.5227046531724341,0.5521508785505874,,,,,
b,—,clap-larger,300,0.5,aggregate,0.4075,0.655,0.7475,0.8275,11,20,0.107,0.5350586175918579,0.3866836942238638,0.2629353113957172,0.1156760407667413,0.3866836942238639,0.3851318850419508,0.3882480593850292,,,,,
b,—,clap-larger,300,0.5,heldout,0.09,0.31,0.47,0.64,10,20,0.07,0.6042425036430359,0.5722055503771073,0.2089521323631473,0.1449085354541069,0.5722055503771072,0.5749434446731472,0.5694936083307615,,,,,
b,—,clap-unfused,300,0.5,aggregate,0.3275,0.515,0.635,0.7275,14,20,0.1105,0.5963510870933533,0.4458904035224472,0.331912382587063,0.1628496798802512,0.4458904035224472,0.4410981798445201,0.4507878992346187,,,,,
b,—,clap-unfused,300,0.5,heldout,0.08,0.19,0.34,0.49,7,20,0.076,0.5704059600830078,0.5619827435490714,0.1994123981522817,0.1122307197780548,0.5619827435490714,0.5534018633467706,0.5708339198938638,,,,,
b,—,mert-330m,300,0.5,aggregate,0.0875,0.22,0.2925,0.39,8,20,0.1089999999999999,0.5928901433944702,0.3919309696645031,0.2685626983579587,0.1209845533548286,0.3919309696645031,0.3876806879792935,0.3962754791110331,,,,,
b,—,mert-330m,300,0.5,heldout,0.01,0.05,0.08,0.2,3,20,0.062,0.4961691200733185,0.5076181967587657,0.1800938576699269,0.0792681784484119,0.5076181967587657,0.4782911812372396,0.5407765819310466,,,,,
b,—,mert-95m,300,0.5,aggregate,0.18,0.3275,0.43,0.515,9,20,0.0765,0.5658867955207825,0.3244603843049018,0.2009122783016447,0.0811290555019459,0.3244603843049018,0.3332130399199154,0.3161557793646508,,,,,
b,—,mert-95m,300,0.5,heldout,0.02,0.08,0.2,0.24,3,20,0.06,0.511527419090271,0.5107653357818047,0.1371121164277606,0.0695009250193604,0.5107653357818046,0.50514989276926,0.5165070291470227,,,,,
c-direct,clip-base,clap-fused,300,0.5,aggregate,0.6425,0.755,0.8,0.8325,10,15,0.064,0.3667047321796417,0.3118981074235422,0.2346689333485403,0.1019741781480577,0.3118981074235422,0.3237763943847567,0.3008605279451918,0.3650656884922996,0.3525785386662156,0.2174418922666189,0.3875973658998651,0.1476237962256806
c-direct,clip-base,clap-fused,300,0.5,heldout,0.08,0.17,0.28,0.38,5,15,0.0279999999999999,0.2749867141246795,0.4282661618666714,0.1241781754233685,0.0700588927030359,0.4282661618666714,0.4304594258615598,0.4260951346777202,0.3103882450057203,0.3005498279224858,0.207458996998614,0.603754092596457,0.1029292480071062
c-transitive,clip-base,clap-fused,300,0.7,aggregate,0.04,0.115,0.1725,0.28,5,15,0.037,0.4573904871940613,0.3396928647620836,0.2649871310996406,0.1696179324863176,0.3396928647620836,0.3276213601256749,0.3526879713057783,0.5235624372665038,0.4122612251114224,0.2174418922666189,0.3875973658998651,0.3061205449998848
c-transitive,clip-base,clap-fused,300,0.7,heldout_like_c,0.0,0.0,0.0,0.0,1,15,0.008695652173913,0.4815333187580108,0.6693079700902457,0.0915923546212531,0.0420698359276398,0.6693079700902457,0.5649506553979631,0.8209540671739484,0.4412849289082584,0.3471099784858692,0.1843226838319145,0.5509992236268333,0.2569622450763439
procrustes,clip-base,clap-fused,300,,aggregate,0.4225,0.55,0.605,0.6775,3,15,0.133,0.5347340703010559,0.3394095729445877,0.2666648456666621,0.1264655938534659,0.3394095729445878,0.3247472720420313,0.3554584813113312,0.3416968972985889,0.2312981905996119,0.2174418922666189,0.3875973658998651,0.1242550050319699
procrustes,clip-base,clap-fused,300,,heldout,0.01,0.03,0.05,0.11,2,15,0.168,0.3232662081718445,0.256890644278123,0.0721286034873425,0.0420715314904017,0.256890644278123,0.2080135025518643,0.3357920365393906,0.2958361516570959,0.2196724955204995,0.207458996998614,0.603754092596457,0.0883771546584819
d,clip-base,clap-fused,0,0.7,aggregate,0.07,0.1725,0.2475,0.3525,9,15,0.0325,0.4191980063915252,0.2210588752791033,0.1335949319558781,0.0584184812074596,0.2210588752791033,0.228873726179485,0.2137600771206719,0.5276128832013615,0.4895339436955328,0.2174418922666189,0.3875973658998651,0.3101709909347425
d,clip-base,clap-fused,0,0.7,heldout_like_c,0.217391304347826,0.2608695652173913,0.3043478260869565,0.3478260869565217,5,15,0.008695652173913,0.1774476021528244,0.7451159714939897,-0.0567111557788244,-0.047705814146099,0.7451159714939898,0.7077484155871024,0.7866493212605656,0.420284320923263,0.4026676449097712,0.1843226838319145,0.5509992236268333,0.2359616370913485
unsup,clip-base,clap-fused,0,1.0,aggregate,0.01,0.0425,0.07,0.0975,3,15,0.0989999999999999,0.6557573676109314,0.3718542898461808,0.3020074510952208,0.1729918562222689,0.3718542898461808,0.3798041860377277,0.3642303778407604,0.2742621838811757,0.2439873046179264,0.2174418922666189,0.3875973658998651,0.0568202916145567
unsup,clip-base,clap-fused,0,1.0,heldout_like_c,0.0,0.0,0.0,0.0,2,15,0.0434782608695652,0.5473647117614746,0.5884276801113618,-0.0938563087221921,-0.0606999635435654,0.5884276801113619,0.4968766471498145,0.7213360383587136,0.2432606153762129,0.2252770679936383,0.1843226838319145,0.5509992236268333,0.0589379315442984
text,clip-base,clap-fused,0,,aggregate,0.0625,0.1675,0.2325,0.32,4,15,0.034,0.3169291913509369,0.2904306744098206,0.2117409097729663,0.1136149068288732,0.2904306744098206,0.2927666018869902,0.288131727687715,0.6260784439604461,0.3646712136523085,0.2174418922666189,0.3875973658998651,0.4086365516938272
text,clip-base,clap-fused,0,,heldout_like_c,0.0,0.0869565217391304,0.1304347826086956,0.217391304347826,1,15,0.0260869565217391,0.4564850628376007,0.7084914517167762,0.071980815923664,0.0445034194141063,0.7084914517167761,0.6287378642981414,0.8114174139156012,0.5509992236268333,0.2981310397499184,0.1843226838319145,0.5509992236268333,0.3666765397949187
c-direct,clip-base,clap-larger,300,0.5,aggregate,0.6725,0.7825,0.81,0.855,11,15,0.0765,0.3501739799976349,0.2866718562324146,0.2065604681275666,0.0909037149280352,0.2866718562324146,0.2952393934552999,0.2785875383613833,0.3584064249945218,0.3556687333355103,0.2174418922666189,0.3875973658998651,0.1409645327279028
c-direct,clip-base,clap-larger,300,0.5,heldout,0.08,0.25,0.31,0.45,3,15,0.044,0.2997786402702331,0.4348660700949197,0.1445366221316475,0.0892275841781443,0.4348660700949197,0.4308525227754186,0.4389550958173417,0.276000891131998,0.2961709279977341,0.207458996998614,0.603754092596457,0.0685418941333839
c-transitive,clip-base,clap-larger,300,0.7,aggregate,0.0475,0.1225,0.195,0.28,6,15,0.018,0.4109218120574951,0.3733946888295822,0.3023553637076937,0.1751623495127344,0.3733946888295821,0.3642977110211737,0.3829576285435203,0.4766358302510751,0.4195883683882338,0.2174418922666189,0.3875973658998651,0.2591939379844562
c-transitive,clip-base,clap-larger,300,0.7,heldout_like_c,0.0,0.0,0.05,0.2,2,15,0.0,0.4457916915416717,0.58611059253029,0.0181266391737711,0.0025199496010079,0.5861105925302899,0.459088656739499,0.8103092169452442,0.4111765640582263,0.3772426767017601,0.2107875617684081,0.6177341696020362,0.2003890022898181
procrustes,clip-base,clap-larger,300,,aggregate,0.5675,0.66,0.6975,0.745,2,15,0.0825,0.451205164194107,0.3108174714874394,0.2357363825371348,0.1187090012699059,0.3108174714874394,0.3118918095482403,0.309750509318745,0.3766774072708244,0.2290816580329707,0.2174418922666189,0.3875973658998651,0.1592355150042055
procrustes,clip-base,clap-larger,300,,heldout,0.01,0.04,0.07,0.18,2,15,0.0979999999999999,0.2662870585918426,0.3544344009315625,0.1462263087378688,0.0670432465917735,0.3544344009315625,0.3136545806007325,0.4074029172383038,0.3396498453891415,0.2173574697517669,0.207458996998614,0.603754092596457,0.1321908483905274
d,clip-base,clap-larger,0,0.7,aggregate,0.0625,0.1725,0.23,0.3525,8,15,0.0395,0.4099447429180145,0.2219447058735407,0.1345193794749163,0.0622071689808208,0.2219447058735408,0.2284876321916402,0.2157660716294211,0.5284374798591615,0.4885770015220408,0.2174418922666189,0.3875973658998651,0.3109955875925425
d,clip-base,clap-larger,0,0.7,heldout_like_c,0.05,0.15,0.15,0.3,7,15,0.01,0.2233128398656845,0.8336972773037123,0.1995942745763265,0.1459545214172395,0.8336972773037122,0.7916432745485871,0.8804699685840793,0.5129048793907192,0.4686957788907925,0.2107875617684081,0.6177341696020362,0.302117317622311
unsup,clip-base,clap-larger,0,1.0,aggregate,0.015,0.035,0.0675,0.1225,2,15,0.099,0.6810665130615234,0.3934808930002444,0.3259983823434784,0.1865047142094039,0.3934808930002444,0.3997501861749268,0.3874052064819375,0.2775745669026806,0.2429362652292565,0.2174418922666189,0.3875973658998651,0.0601326746360616
unsup,clip-base,clap-larger,0,1.0,heldout_like_c,0.0,0.0,0.05,0.2,3,15,0.16,0.6053490042686462,0.785948439079963,0.2324850944964134,0.1553923463471202,0.7859484390799629,0.6995572267056774,0.8966836020355188,0.2383924132794009,0.2344022915942095,0.2107875617684081,0.6177341696020362,0.0276048515109927
text,clip-base,clap-larger,0,,aggregate,0.0625,0.1675,0.2325,0.32,4,15,0.024,0.3074186444282532,0.289125914353456,0.208651693082258,0.0921195206630845,0.289125914353456,0.2879037326043138,0.2903585169212626,0.6260784439604461,0.3646712136523085,0.2174418922666189,0.3875973658998651,0.4086365516938272
text,clip-base,clap-larger,0,,heldout_like_c,0.05,0.1,0.15,0.35,6,15,0.01,0.4455699622631073,0.8634735441331755,0.4771626384122192,0.468,0.8634735441331755,0.7801606108527532,0.966707745935204,0.6177341696020362,0.3205667128138281,0.2107875617684081,0.6177341696020362,0.406946607833628
c-direct,clip-base,clap-unfused,300,0.5,aggregate,0.53,0.7,0.7325,0.8,10,15,0.079,0.3902876377105713,0.3168169505526856,0.2400518807885702,0.1079959428498075,0.3168169505526857,0.3276287495620275,0.306695937551769,0.3576608041769111,0.3502116692598179,0.2174418922666189,0.3875973658998651,0.1402189119102921
c-direct,clip-base,clap-unfused,300,0.5,heldout,0.05,0.17,0.2,0.36,3,15,0.036,0.3277028799057007,0.4058090351772651,0.0892440338389995,0.0645756691117831,0.4058090351772651,0.4086360607650264,0.4030208566887402,0.2948664889589132,0.2986764167001253,0.207458996998614,0.603754092596457,0.0874074919602992
c-transitive,clip-base,clap-unfused,300,0.7,aggregate,0.0475,0.14,0.18,0.2475,4,15,0.0405,0.4956435859203338,0.3266804025815451,0.2524410404044734,0.1730198943926795,0.3266804025815451,0.3164064264701188,0.3376439794524758,0.5186727141825378,0.4155247713098958,0.2174418922666189,0.3875973658998651,0.3012308219159189
c-transitive,clip-base,clap-unfused,300,0.7,heldout_like_c,0.0,0.0869565217391304,0.0869565217391304,0.1739130434782608,1,15,0.008695652173913,0.4768279194831848,0.6996684340173948,0.214595389629152,0.1597622793217969,0.699668434017395,0.5873841813418571,0.865026798635218,0.4160762449545473,0.3450771023812909,0.1959103363806153,0.5599622336571964,0.220165908573932
procrustes,clip-base,clap-unfused,300,,aggregate,0.36,0.49,0.5425,0.6275,2,15,0.11,0.5375173091888428,0.3582227707043167,0.2878563227325333,0.1314671395526806,0.3582227707043168,0.3419954222077245,0.3760667714175,0.3574521480044867,0.236883069084465,0.2174418922666189,0.3875973658998651,0.1400102557378678
procrustes,clip-base,clap-unfused,300,,heldout,0.0,0.08,0.08,0.14,2,15,0.126,0.373052567243576,0.3401686317868039,0.1281697177546499,0.0672714939127192,0.3401686317868039,0.2856374926449925,0.420433768207601,0.3205886081494866,0.2256271654613129,0.207458996998614,0.603754092596457,0.1131296111508725
d,clip-base,clap-unfused,0,0.7,aggregate,0.0625,0.175,0.26,0.3575,9,15,0.0325,0.4115369915962219,0.2391182912044318,0.1535635973498704,0.0690991632986945,0.2391182912044318,0.247214399424088,0.2315356516148708,0.5281655015118085,0.4886883587562786,0.2174418922666189,0.3875973658998651,0.3107236092451896
d,clip-base,clap-unfused,0,0.7,heldout_like_c,0.0869565217391304,0.0869565217391304,0.217391304347826,0.391304347826087,5,15,0.0,0.1901141107082367,0.7321956652833894,0.1035801396063473,0.0827178729689808,0.7321956652833893,0.6619225963686536,0.8191620770828782,0.474945502785479,0.4424225300201122,0.1959103363806153,0.5599622336571964,0.2790351664048637
unsup,clip-base,clap-unfused,0,1.0,aggregate,0.0025,0.02,0.05,0.0925,2,15,0.0945,0.6867650747299194,0.3962441089427063,0.3286796273446674,0.2202022849623378,0.3962441089427063,0.4020735031248091,0.3905813320450341,0.2647191413893215,0.2459239517489168,0.2174418922666189,0.3875973658998651,0.0472772491227026
unsup,clip-base,clap-unfused,0,1.0,heldout_like_c,0.0,0.0,0.0869565217391304,0.1739130434782608,1,15,0.0695652173913043,0.4040179550647735,0.7442091703309431,0.1070617132920674,0.0827178729689808,0.7442091703309432,0.6792192654708583,0.8229518783117484,0.2888017581939235,0.2221533144005311,0.1959103363806153,0.5599622336571964,0.0928914218133082
text,clip-base,clap-unfused,0,,aggregate,0.0625,0.1675,0.2325,0.32,3,15,0.023,0.3356451988220215,0.2830082999413347,0.2009139694733155,0.1057177666746325,0.2830082999413348,0.2823845651265038,0.2836347962835135,0.6260784439604461,0.3646712136523085,0.2174418922666189,0.3875973658998651,0.4086365516938272
text,clip-base,clap-unfused,0,,heldout_like_c,0.0434782608695652,0.0869565217391304,0.1739130434782608,0.217391304347826,4,15,0.0347826086956521,0.2555527985095978,0.7569685775599202,0.1111258545643114,0.0827178729689808,0.7569685775599201,0.6979559767911448,0.8268819472549638,0.5599622336571964,0.2929493190473753,0.1959103363806153,0.5599622336571964,0.3640518972765811
c-direct,clip-base,mert-330m,300,0.5,aggregate,0.23,0.355,0.415,0.4925,8,15,0.0635,0.5522300601005554,0.3128637931752182,0.2357464672859142,0.1341079536338759,0.3128637931752182,0.3225510372575482,0.303741461104425,0.304588276401551,0.2730027528428322,0.2174418922666189,0.3875973658998651,0.0871463841349321
c-direct,clip-base,mert-330m,300,0.5,heldout,0.03,0.06,0.12,0.19,3,15,0.07,0.4157578945159912,0.4958157106410996,0.2347540155142413,0.1566869633171766,0.4958157106410996,0.4947578797396786,0.4968780746845312,0.2569625513062399,0.2459033871703891,0.207458996998614,0.603754092596457,0.0495035543076258
c-transitive,clip-base,mert-330m,300,0.7,aggregate,0.015,0.06,0.125,0.1825,3,15,0.015,0.3371060788631439,0.3192117258485304,0.2471498496490739,0.1552198187002789,0.3192117258485305,0.294562386433779,0.3483631813358021,0.2545831178754716,0.3189204093587774,0.2174418922666189,0.3875973658998651,0.0371412256088527
c-transitive,clip-base,mert-330m,300,0.7,heldout_like_c,0.0,0.05,0.05,0.15,4,15,0.01,0.3494483232498169,0.6290501223468614,0.2061681555812914,0.1164434523809523,0.6290501223468614,0.4709678099396813,0.9468714938864028,0.1433123308499322,0.2725643530053301,0.197681801438289,0.5833116496478549,-0.0543694705883567
procrustes,clip-base,mert-330m,300,,aggregate,0.5925,0.6575,0.685,0.71,2,15,0.057,0.4365230500698089,0.3021048726169709,0.2240073186134476,0.1274494681406215,0.302104872616971,0.3065909654422324,0.2977481691394741,0.3796220513312642,0.2214318678664214,0.2174418922666189,0.3875973658998651,0.1621801590646452
procrustes,clip-base,mert-330m,300,,heldout,0.01,0.08,0.11,0.15,1,15,0.05,0.459494948387146,0.3960370952308168,0.1286789141664506,0.0796525609343678,0.3960370952308168,0.3767595610465941,0.4173937455456357,0.3267163498501523,0.209826814082651,0.207458996998614,0.603754092596457,0.1192573528515382
d,clip-base,mert-330m,0,0.7,aggregate,0.055,0.15,0.2175,0.3325,7,15,0.0205,0.4648492634296417,0.2012741890781597,0.1117665294114069,0.0453249220050501,0.2012741890781597,0.2074274425964956,0.1954754856624282,0.5257521099201959,0.4861039624321354,0.2174418922666189,0.3875973658998651,0.308310217653577
d,clip-base,mert-330m,0,0.7,heldout_like_c,0.0,0.15,0.35,0.5,2,15,0.03,0.0963841155171394,0.7336177826048839,-0.0620790360851803,-0.0489678348535765,0.7336177826048838,0.6616226593257056,0.8231945059929655,0.4804586781263898,0.4292109002004067,0.197681801438289,0.5833116496478549,0.2827768766881008
unsup,clip-base,mert-330m,0,1.0,aggregate,0.0025,0.02,0.035,0.07,2,15,0.101,0.7887922525405884,0.3892292764037584,0.3209854904122526,0.1911510652121989,0.3892292764037584,0.3913741777451173,0.3871077569109991,0.2202460653340232,0.2161594901933861,0.2174418922666189,0.3875973658998651,0.0028041730674042
unsup,clip-base,mert-330m,0,1.0,heldout_like_c,0.0,0.0,0.05,0.05,1,15,0.07,0.6039016246795654,0.8203983712406583,0.3075854328851816,0.2484177215189873,0.8203983712406583,0.7322452607074682,0.932681478994197,0.1561601822417633,0.1764075465488868,0.197681801438289,0.5833116496478549,-0.0415216191965257
text,clip-base,mert-330m,0,,aggregate,0.0625,0.1675,0.2325,0.32,4,15,0.0115,0.324794054031372,0.1904663684437893,0.1032995428901114,0.0627439208951981,0.1904663684437894,0.1840576842653803,0.1973374389331653,0.6260784439604461,0.3646712136523085,0.2174418922666189,0.3875973658998651,0.4086365516938272
text,clip-base,mert-330m,0,,heldout_like_c,0.0,0.1,0.25,0.3,5,15,0.01,0.1694877445697784,0.7182751889587147,0.0326743047633053,0.0229430379746835,0.7182751889587146,0.6252226361481283,0.8438691335373719,0.5833116496478549,0.3088439469585726,0.197681801438289,0.5833116496478549,0.3856298482095658
c-direct,clip-base,mert-95m,300,0.5,aggregate,0.4425,0.545,0.595,0.665,9,15,0.0555,0.5376251339912415,0.2311097126905191,0.1456152308291766,0.0688723869019821,0.2311097126905191,0.2356980074679755,0.2266966459536801,0.3179199843020817,0.2884188706986011,0.2174418922666189,0.3875973658998651,0.1004780920354627
c-direct,clip-base,mert-95m,300,0.5,heldout,0.05,0.08,0.12,0.18,5,15,0.038,0.4599025845527649,0.3818314535088071,0.1031446629771998,0.0629210336693585,0.3818314535088071,0.3630164876935005,0.4027033709418723,0.2568967207847127,0.2473459535940016,0.207458996998614,0.603754092596457,0.0494377237860986
c-transitive,clip-base,mert-95m,300,0.7,aggregate,0.02,0.065,0.115,0.18,4,15,0.0085,0.247712031006813,0.2672538124339836,0.1861442900614011,0.0975655653072957,0.2672538124339835,0.2589515206549391,0.2761061003099122,0.358504341482144,0.3354384504419401,0.2174418922666189,0.3875973658998651,0.141062449215525
c-transitive,clip-base,mert-95m,300,0.7,heldout_like_c,0.0,0.0384615384615384,0.1538461538461538,0.1923076923076923,4,15,0.0076923076923076,0.0438758209347724,0.5801001446662001,-0.0202468734447634,-0.0155192167482553,0.5801001446662002,0.5019703414623029,0.6870344891901069,0.3355719006790283,0.3163900061865572,0.2209067839227922,0.6076263127174166,0.1146651167562361
procrustes,clip-base,mert-95m,300,,aggregate,0.7,0.735,0.75,0.7675,3,15,0.038,0.2808168530464172,0.22335228378976,0.1387354086019105,0.0706083154523055,0.22335228378976,0.2250330336797465,0.22169645448597,0.383148208591728,0.2206620984246026,0.2174418922666189,0.3875973658998651,0.165706316325109
procrustes,clip-base,mert-95m,300,,heldout,0.01,0.04,0.09,0.14,2,15,0.054,0.3533366918563843,0.3499792170556547,0.0955183248366993,0.0612390254422455,0.3499792170556548,0.3260783778381299,0.3776609469238193,0.3316908156975977,0.2090297224762796,0.207458996998614,0.603754092596457,0.1242318186989837
d,clip-base,mert-95m,0,0.7,aggregate,0.0525,0.1325,0.2225,0.3175,5,15,0.0205,0.5099044442176819,0.1858735573679225,0.0957537662236928,0.0341948458160529,0.1858735573679226,0.1895122933163162,0.182371920345199,0.5263461313964125,0.4862864052882517,0.2174418922666189,0.3875973658998651,0.3089042391297936
d,clip-base,mert-95m,0,0.7,heldout_like_c,0.0769230769230769,0.2692307692307692,0.4230769230769231,0.5384615384615384,3,15,0.0153846153846153,0.4071499705314636,0.6957388405492031,-0.0701055056374721,-0.0568614698504134,0.6957388405492032,0.6775897713267468,0.7148869039574608,0.4964248628382121,0.4661339172609148,0.2209067839227922,0.6076263127174166,0.2755180789154198
unsup,clip-base,mert-95m,0,1.0,aggregate,0.005,0.0125,0.0225,0.05,2,15,0.0954999999999999,0.7933485507965088,0.3462460188288822,0.2729703251553262,0.1835205877073629,0.3462460188288822,0.3458049819036854,0.3466881821806918,0.2136118422738835,0.2254619069323426,0.2174418922666189,0.3875973658998651,-0.0038300499927354
unsup,clip-base,mert-95m,0,1.0,heldout_like_c,0.0,0.0384615384615384,0.0384615384615384,0.1153846153846153,1,15,0.0538461538461538,0.6446001529693604,0.6839733240300265,0.1415424602489496,0.099124071404812,0.6839733240300265,0.6128826745056443,0.7737201376054514,0.2523848186332085,0.2262574735161354,0.2209067839227922,0.6076263127174166,0.0314780347104162
text,clip-base,mert-95m,0,,aggregate,0.0625,0.1675,0.2325,0.32,4,15,0.0175,0.2899489402770996,0.2135147428205419,0.1306208323513224,0.0626926223664017,0.2135147428205419,0.2113342255486462,0.2157407257512797,0.6260784439604461,0.3646712136523085,0.2174418922666189,0.3875973658998651,0.4086365516938272
text,clip-base,mert-95m,0,,heldout_like_c,0.0769230769230769,0.2307692307692307,0.3076923076923077,0.3846153846153846,3,15,0.0615384615384615,0.2743027806282043,0.7302387377932708,0.260717004729083,0.2419592438006383,0.7302387377932709,0.6587835716432725,0.8190805677646307,0.6076263127174166,0.3211260543683925,0.2209067839227922,0.6076263127174166,0.3867195287946244
c-direct,clip-large,clap-fused,300,0.5,aggregate,0.7025,0.775,0.815,0.8375,9,15,0.056,0.291872888803482,0.2420013092786184,0.1517807477610686,0.0666823292955119,0.2420013092786184,0.2467469198715592,0.2374347960120136,0.3598174065456072,0.3546086873809881,0.2174418922666189,0.3875973658998651,0.1423755142789882
c-direct,clip-large,clap-fused,300,0.5,heldout,0.08,0.19,0.29,0.38,4,15,0.04,0.3980924785137176,0.3902175196378464,0.0977488656479728,0.0452990957115685,0.3902175196378464,0.3971777408286575,0.3834970417207578,0.3313152023716564,0.3315320465291037,0.2342847012848523,0.6493716523566926,0.0970305010868041
c-transitive,clip-large,clap-fused,300,0.7,aggregate,0.0375,0.125,0.185,0.28,3,15,0.043,0.4186806678771972,0.2822020087775509,0.1977938264665526,0.1090703710346195,0.2822020087775509,0.2685019590088905,0.2973752921198798,0.5282718601425838,0.4169485969685893,0.2174418922666189,0.3875973658998651,0.3108299678759648
c-transitive,clip-large,clap-fused,300,0.7,heldout_like_c,0.0,0.0434782608695652,0.0434782608695652,0.1304347826086956,3,15,0.0347826086956521,0.3265706598758697,0.6714211542507049,0.0601887079047552,0.0401927612016815,0.6714211542507048,0.5842681771193762,0.7891330095778182,0.4571332299810571,0.3762881680615161,0.2093296266665792,0.6059222010324534,0.2478036033144778
procrustes,clip-large,clap-fused,300,,aggregate,0.4575,0.5875,0.64,0.7075,0,15,0.1045,0.4170462787151336,0.2856280070111088,0.2010357665158358,0.0995935241661425,0.2856280070111088,0.2684856006259176,0.3051087468257191,0.339493068718816,0.2305742422499111,0.2174418922666189,0.3875973658998651,0.122051176452197
procrustes,clip-large,clap-fused,300,,heldout,0.0,0.04,0.05,0.15,2,15,0.1399999999999999,0.5456600189208984,0.3696263597489662,0.1851189877044987,0.0867156048977285,0.3696263597489662,0.3153115116708119,0.446547647933629,0.3003270528108907,0.2464396568235625,0.2342847012848523,0.6493716523566926,0.0660423515260384
d,clip-large,clap-fused,0,0.7,aggregate,0.05,0.16,0.2375,0.335,5,15,0.0385,0.4283269345760345,0.2109626242972584,0.1170933072359513,0.0439778435695011,0.2109626242972584,0.2147249016924738,0.2073299172618019,0.5259529860086847,0.4897573852806312,0.2174418922666189,0.3875973658998651,0.3085110937420657
d,clip-large,clap-fused,0,0.7,heldout_like_c,0.0869565217391304,0.1739130434782608,0.3478260869565217,0.391304347826087,3,15,0.0347826086956521,0.3752752542495727,0.7672644614901728,0.2523791276500403,0.1901009603545924,0.7672644614901729,0.690809860764974,0.8627481366036046,0.5202718209970871,0.4852469198379908,0.2093296266665792,0.6059222010324534,0.3109421943305078
unsup,clip-large,clap-fused,0,1.0,aggregate,0.01,0.0275,0.045,0.0825,6,15,0.085,0.6492103934288025,0.3516643664018442,0.2744415933493562,0.154912719857222,0.3516643664018442,0.3529384188918537,0.3503994790874197,0.2366541914225806,0.2339695113048771,0.2174418922666189,0.3875973658998651,0.0192122991559616
unsup,clip-large,clap-fused,0,1.0,heldout_like_c,0.0434782608695652,0.0869565217391304,0.0869565217391304,0.0869565217391304,2,15,0.0869565217391304,0.3527143001556396,0.7571742708632717,0.0288626971183944,0.0217132659131469,0.7571742708632717,0.7184338077716989,0.8003309121984489,0.2198259894856434,0.2108195747857971,0.2093296266665792,0.6059222010324534,0.0104963628190641
text,clip-large,clap-fused,0,,aggregate,0.0625,0.1675,0.2325,0.32,2,15,0.0435,0.2983881831169128,0.2525036184570545,0.165035865058143,0.0825635115590878,0.2525036184570545,0.2501848122752574,0.2548658098710057,0.6260784439604461,0.3646712136523085,0.2174418922666189,0.3875973658998651,0.4086365516938272
text,clip-large,clap-fused,0,,heldout_like_c,0.1304347826086956,0.1739130434782608,0.217391304347826,0.3478260869565217,4,15,0.0434782608695652,0.2185767889022827,0.8363089413424362,0.3329622691107063,0.2722914669223394,0.8363089413424363,0.7976500640817853,0.8789059639122928,0.6059222010324534,0.310580397597254,0.2093296266665792,0.6059222010324534,0.3965925743658741
c-direct,clip-large,clap-larger,300,0.5,aggregate,0.74,0.81,0.8375,0.8775,10,15,0.0605,0.314576119184494,0.2442953211057837,0.1544147620493794,0.0664986602734685,0.2442953211057837,0.2470308510791809,0.2416197121209825,0.3689362447393954,0.3593102804869481,0.2174418922666189,0.3875973658998651,0.1514943524727765
c-direct,clip-large,clap-larger,300,0.5,heldout,0.16,0.29,0.39,0.53,6,15,0.06,0.3340636491775512,0.3990708891816423,0.1259301040834449,0.072028558549632,0.3990708891816424,0.3947202327543667,0.403518521462038,0.376457260513425,0.3561001000160795,0.2342847012848523,0.6493716523566926,0.1421725592285727
c-transitive,clip-large,clap-larger,300,0.7,aggregate,0.0475,0.135,0.1875,0.285,6,15,0.026,0.3577859103679657,0.2893305123604814,0.2048448862282925,0.1218342355582895,0.2893305123604814,0.2789917650691141,0.3004650050072438,0.4873368252928699,0.4249298484525174,0.2174418922666189,0.3875973658998651,0.269894933026251
c-transitive,clip-large,clap-larger,300,0.7,heldout_like_c,0.032258064516129,0.1290322580645161,0.2258064516129032,0.2903225806451613,6,15,0.0193548387096774,0.4358060956001282,0.7396720956783259,0.3636503531839988,0.3158917418459403,0.7396720956783258,0.6943429397722444,0.7913331120971929,0.4790354851113852,0.4239738598022478,0.2261215946016415,0.6597689602621222,0.2529138905097436
procrustes,clip-large,clap-larger,300,,aggregate,0.6275,0.6925,0.73,0.795,0,15,0.0569999999999999,0.3276966214179992,0.2499211977077756,0.1615243289949346,0.0738769191869417,0.2499211977077757,0.2499494990404994,0.2498929027833445,0.3686248006713555,0.2280556840745957,0.2174418922666189,0.3875973658998651,0.1511829084047366
procrustes,clip-large,clap-larger,300,,heldout,0.01,0.07,0.14,0.27,3,15,0.074,0.3773785233497619,0.4173199566586606,0.1975113201697559,0.1109275091601408,0.4173199566586606,0.3940438173612969,0.4435185656999854,0.3747847666202882,0.2437140406330311,0.2342847012848523,0.6493716523566926,0.1405000653354359
d,clip-large,clap-larger,0,0.7,aggregate,0.07,0.155,0.24,0.35,8,15,0.0355,0.4012644588947296,0.1781233335217874,0.0800910741179764,0.0328523570722013,0.1781233335217874,0.1800245180884942,0.1762618849869214,0.5261588940936279,0.4875987308808974,0.2174418922666189,0.3875973658998651,0.308717001827009
d,clip-large,clap-larger,0,0.7,heldout_like_c,0.1290322580645161,0.2258064516129032,0.2903225806451613,0.3870967741935484,4,15,0.0064516129032258,0.2622484564781189,0.637396312772816,0.0272715204690103,0.013802390170005,0.637396312772816,0.622444673871386,0.6530839321479969,0.5764730582793626,0.5350826188459135,0.2261215946016415,0.6597689602621222,0.350351463677721
unsup,clip-large,clap-larger,0,1.0,aggregate,0.0075,0.0225,0.0575,0.105,4,15,0.104,0.6799560189247131,0.3876704735558133,0.315340798827276,0.1853524206554473,0.3876704735558133,0.3876487658219679,0.3876921837209943,0.2825638411144864,0.2405828808929268,0.2174418922666189,0.3875973658998651,0.0651219488478674
unsup,clip-large,clap-larger,0,1.0,heldout_like_c,0.0,0.032258064516129,0.0967741935483871,0.1612903225806451,1,15,0.0838709677419354,0.4875472486019134,0.729981338253208,0.2831620909779064,0.2473292327614114,0.729981338253208,0.7090890042846533,0.7521421747806408,0.3100374866961154,0.248513902476459,0.2261215946016415,0.6597689602621222,0.0839158920944738
text,clip-large,clap-larger,0,,aggregate,0.0625,0.1675,0.2325,0.32,2,15,0.026,0.2901995480060577,0.2460395282877148,0.1560348746040276,0.081777493568911,0.2460395282877149,0.2408635076952219,0.251442893908179,0.6260784439604461,0.3646712136523085,0.2174418922666189,0.3875973658998651,0.4086365516938272
text,clip-large,clap-larger,0,,heldout_like_c,0.0967741935483871,0.2258064516129032,0.2903225806451613,0.3870967741935484,8,15,0.0258064516129032,0.382739245891571,0.7414699571318814,0.2675305951008375,0.1898666666666666,0.7414699571318814,0.7374477991247554,0.7455362307360831,0.6597689602621222,0.3342009748425782,0.2261215946016415,0.6597689602621222,0.4336473656604806
c-direct,clip-large,clap-unfused,300,0.5,aggregate,0.6175,0.745,0.79,0.825,13,15,0.066,0.3057387173175812,0.2475044309553573,0.1578818265528524,0.068860621014105,0.2475044309553573,0.2515809700606133,0.2435578952372961,0.3641105725705887,0.3538962070060292,0.2174418922666189,0.3875973658998651,0.1466686803039698
c-direct,clip-large,clap-unfused,300,0.5,heldout,0.06,0.21,0.32,0.37,5,15,0.032,0.3461597859859466,0.3964600328278324,0.1192886076866308,0.0753177567124829,0.3964600328278324,0.3981996764464472,0.3947355233046563,0.3575572051387014,0.3473880696273246,0.2342847012848523,0.6493716523566926,0.123272503853849
c-transitive,clip-large,clap-unfused,300,0.7,aggregate,0.0425,0.1325,0.1775,0.265,6,15,0.0455,0.4533412456512451,0.2902104391523329,0.2081562202439369,0.1186792907221851,0.290210439152333,0.2766451256280826,0.3051747025202801,0.524852016553553,0.4205441307686325,0.2174418922666189,0.3875973658998651,0.307410124286934
c-transitive,clip-large,clap-unfused,300,0.7,heldout_like_c,0.0,0.0666666666666666,0.0666666666666666,0.2333333333333333,4,15,0.04,0.5540186166763306,0.7293469449909228,0.3752748869653344,0.4034740210269694,0.7293469449909228,0.6953785310559253,0.7668044290667944,0.5036851885257342,0.4181085052654402,0.2275599644790799,0.6457622410422182,0.2761252240466542
procrustes,clip-large,clap-unfused,300,,aggregate,0.3475,0.525,0.5975,0.67,0,15,0.1045,0.3771951794624328,0.299727943654374,0.2264738063663123,0.105180121609005,0.299727943654374,0.2824885586978732,0.3192082132061889,0.3483938945388234,0.2357314298673223,0.2174418922666189,0.3875973658998651,0.1309520022722045
procrustes,clip-large,clap-unfused,300,,heldout,0.02,0.06,0.11,0.2,2,15,0.1259999999999999,0.3679889440536499,0.3460412911039728,0.1382176036640857,0.0440120256104919,0.3460412911039728,0.3102994828296275,0.391088807993379,0.3381338732644151,0.2517760571855923,0.2342847012848523,0.6493716523566926,0.1038491719795627
d,clip-large,clap-unfused,0,0.7,aggregate,0.0575,0.1675,0.225,0.3325,7,15,0.04,0.4267060756683349,0.2239004261694753,0.1315288422060632,0.0539548833369211,0.2239004261694753,0.2278063251753359,0.2201262081493537,0.5251081305111819,0.4884985922833038,0.2174418922666189,0.3875973658998651,0.3076662382445629
d,clip-large,clap-unfused,0,0.7,heldout_like_c,0.1333333333333333,0.2,0.2666666666666666,0.4333333333333333,7,15,0.0333333333333333,0.3744358122348785,0.7359608524834746,0.2950184299122275,0.1887265135699373,0.7359608524834745,0.7600599538128111,0.7133429983094779,0.5600826186673586,0.526755668352368,0.2275599644790799,0.6457622410422182,0.3325226541882786
unsup,clip-large,clap-unfused,0,1.0,aggregate,0.0,0.0075,0.02,0.065,3,15,0.1,0.6721245646476746,0.3737089662972356,0.2988125466335536,0.1577241414380688,0.3737089662972356,0.3723651496722563,0.3750625173658208,0.2244048693912967,0.2351161859734492,0.2174418922666189,0.3875973658998651,0.0069629771246778
unsup,clip-large,clap-unfused,0,1.0,heldout_like_c,0.0,0.0333333333333333,0.0666666666666666,0.1,2,15,0.06,0.564187228679657,0.7154148348485944,0.29082918339541,0.1736709256030602,0.7154148348485942,0.7157041303759982,0.7151257730995999,0.1615359815083259,0.2214458094594884,0.2275599644790799,0.6457622410422182,-0.066023982970754
text,clip-large,clap-unfused,0,,aggregate,0.0625,0.1675,0.2325,0.32,2,15,0.0255,0.3150421977043152,0.2578402571038541,0.1681126152666673,0.0819278424456258,0.2578402571038541,0.2529199586554781,0.2629557924069974,0.6260784439604461,0.3646712136523085,0.2174418922666189,0.3875973658998651,0.4086365516938272
text,clip-large,clap-unfused,0,,heldout_like_c,0.1,0.2333333333333333,0.3,0.3333333333333333,5,15,0.0133333333333333,0.3468605279922485,0.6831085595068951,0.2086656306805166,0.1458428598326922,0.6831085595068952,0.6877067606055727,0.6785714397365727,0.6457622410422182,0.3273016151088771,0.2275599644790799,0.6457622410422182,0.4182022765631382
c-direct,clip-large,mert-330m,300,0.5,aggregate,0.265,0.3725,0.4475,0.535,7,15,0.0684999999999999,0.5080338716506958,0.2860065292583852,0.2012049901399096,0.0988893754025977,0.2860065292583852,0.2905036140769846,0.2816465544326867,0.3044625331267785,0.2715046464371831,0.2174418922666189,0.3875973658998651,0.0870206408601595
c-direct,clip-large,mert-330m,300,0.5,heldout,0.02,0.03,0.09,0.16,6,15,0.054,0.4872689545154571,0.3983273196750179,0.1153770415638391,0.0624471583976064,0.3983273196750179,0.4021887084174957,0.3945393717376271,0.2778400077290592,0.2774333786143196,0.2342847012848523,0.6493716523566926,0.0435553064442069
c-transitive,clip-large,mert-330m,300,0.7,aggregate,0.0175,0.0575,0.11,0.19,3,15,0.017,0.3074976503849029,0.2647240488852608,0.1827433372540035,0.1025505295902407,0.2647240488852608,0.2417915239153413,0.2924624141818752,0.2577023261128601,0.3208300182992552,0.2174418922666189,0.3875973658998651,0.0402604338462412
c-transitive,clip-large,mert-330m,300,0.7,heldout_like_c,0.0,0.0,0.0869565217391304,0.217391304347826,1,15,0.0260869565217391,0.3625610470771789,0.7894790064691322,0.3824906405507971,0.2550607287449393,0.7894790064691323,0.6919381170287698,0.9190329157259504,0.2239365102487802,0.3284724081528455,0.2365751839036491,0.6727731084528221,-0.0126386736548688
procrustes,clip-large,mert-330m,300,,aggregate,0.635,0.69,0.72,0.76,4,15,0.045,0.3358705341815948,0.2389966062618706,0.148734406348155,0.0809591719484916,0.2389966062618705,0.2380510946829267,0.2399496587188841,0.3677917982442821,0.2210994241140241,0.2174418922666189,0.3875973658998651,0.1503499059776631
procrustes,clip-large,mert-330m,300,,heldout,0.0,0.06,0.13,0.23,1,15,0.074,0.5330652594566345,0.4134666407626916,0.1832297540800574,0.1232304384861883,0.4134666407626916,0.3881341060449118,0.4423368520835801,0.3662332446020317,0.2368633234902844,0.2342847012848523,0.6493716523566926,0.1319485433171794
d,clip-large,mert-330m,0,0.7,aggregate,0.055,0.1375,0.22,0.31,3,15,0.0204999999999999,0.4889619052410126,0.1637972118080709,0.0642469540063278,0.025971064868016,0.1637972118080709,0.1656241245711166,0.1620101627603764,0.5233066106635705,0.4853238698698299,0.2174418922666189,0.3875973658998651,0.3058647183969516
d,clip-large,mert-330m,0,0.7,heldout_like_c,0.1304347826086956,0.1304347826086956,0.391304347826087,0.4347826086956521,3,15,0.017391304347826,0.410427838563919,0.778629945209199,0.122925297014742,0.0950819672131147,0.778629945209199,0.7412347235460356,0.8199988074523418,0.5730241412301408,0.537838145775402,0.2365751839036491,0.6727731084528221,0.3364489573264916
unsup,clip-large,mert-330m,0,1.0,aggregate,0.005,0.01,0.0225,0.035,3,15,0.0955,0.7791025638580322,0.385443256913684,0.3151175928120783,0.1613323712469827,0.3854432569136839,0.3760407060228731,0.3953280705587486,0.2276344370823638,0.2161044975334267,0.2174418922666189,0.3875973658998651,0.0101925448157449
unsup,clip-large,mert-330m,0,1.0,heldout_like_c,0.0,0.0,0.0,0.0,0,15,0.0782608695652174,0.7549400329589844,0.6997060916269672,0.102038946745828,0.0475770925110132,0.6997060916269673,0.6131628561392707,0.8146938867739187,0.2281805445620876,0.2280505823009199,0.2365751839036491,0.6727731084528221,-0.0083946393415615
text,clip-large,mert-330m,0,,aggregate,0.0625,0.1675,0.2325,0.32,3,15,0.0215,0.294872522354126,0.197259045295394,0.1065770153772336,0.059969378986824,0.1972590452953941,0.1875026190461408,0.2080865251819635,0.6260784439604461,0.3646712136523085,0.2174418922666189,0.3875973658998651,0.4086365516938272
text,clip-large,mert-330m,0,,heldout_like_c,0.0869565217391304,0.217391304347826,0.3043478260869565,0.391304347826087,2,15,0.008695652173913,-0.0767242312431335,0.6953901454203638,0.0846624248160538,0.084070796460177,0.6953901454203638,0.6150781670345233,0.7998248675740796,0.6727731084528221,0.5619216358511692,0.2365751839036491,0.6727731084528221,0.4361979245491729
c-direct,clip-large,mert-95m,300,0.5,aggregate,0.515,0.635,0.685,0.7425,11,15,0.054,0.5234835147857666,0.2148288281562617,0.1228374596221384,0.0636881347721712,0.2148288281562617,0.2160734087540216,0.2135985029900833,0.3356992621763147,0.2906568844651696,0.2174418922666189,0.3875973658998651,0.1182573699096957
c-direct,clip-large,mert-95m,300,0.5,heldout,0.01,0.07,0.13,0.29,7,15,0.03,0.6338910460472107,0.3964644049154935,0.1036840562380998,0.0441740923299059,0.3964644049154935,0.4043972140413827,0.3888368341040226,0.3157926588654683,0.2815569616412584,0.2342847012848523,0.6493716523566926,0.081507957580616
c-transitive,clip-large,mert-95m,300,0.7,aggregate,0.0175,0.0525,0.1025,0.175,6,15,0.0115,0.2320830672979354,0.2328219359160712,0.1429287382172378,0.0679355093204222,0.2328219359160711,0.2238578953197402,0.2425338250157117,0.3537819920895692,0.3376957131628173,0.2174418922666189,0.3875973658998651,0.1363400998229502
c-transitive,clip-large,mert-95m,300,0.7,heldout_like_c,0.0,0.0,0.0967741935483871,0.2258064516129032,4,15,0.0129032258064516,0.2774677276611328,0.6239065833324493,0.17983461557289,0.1252027246188777,0.6239065833324492,0.5840868326591053,0.6695529312635297,0.340779914592926,0.3791552594200241,0.2560114331963932,0.6688296756511004,0.0847684813965328
procrustes,clip-large,mert-95m,300,,aggregate,0.735,0.7575,0.7725,0.8,5,15,0.037,0.21248559653759,0.2032119381591815,0.1118636594336867,0.0585072798752093,0.2032119381591815,0.201945683045823,0.2044941730072704,0.3729112746719943,0.2203633316062816,0.2174418922666189,0.3875973658998651,0.1554693824053754
procrustes,clip-large,mert-95m,300,,heldout,0.01,0.08,0.13,0.22,5,15,0.054,0.4587199687957763,0.3380555078920614,0.1105291862778203,0.0489194828683819,0.3380555078920614,0.3163578269488191,0.3629486624322374,0.3644764945574388,0.2361170955417205,0.2342847012848523,0.6493716523566926,0.1301917932725865
d,clip-large,mert-95m,0,0.7,aggregate,0.045,0.145,0.225,0.335,5,15,0.02,0.5359627604484558,0.1699406723507158,0.0736519275195617,0.02364017575588,0.1699406723507157,0.1697976390908367,0.1700839467889976,0.5251454837013746,0.4859287866133376,0.2174418922666189,0.3875973658998651,0.3077035914347557
d,clip-large,mert-95m,0,0.7,heldout_like_c,0.064516129032258,0.1935483870967742,0.3225806451612903,0.3870967741935484,3,15,0.0064516129032258,0.5997019410133362,0.6846583683109314,0.163102869968446,0.1055234954657873,0.6846583683109315,0.7005749356008891,0.6694489611569241,0.5621068633894829,0.5251759645136157,0.2560114331963932,0.6688296756511004,0.3060954301930897
unsup,clip-large,mert-95m,0,1.0,aggregate,0.005,0.0125,0.02,0.045,1,15,0.085,0.7799853086471558,0.2986106650251469,0.2156992172762,0.1211343125778801,0.298610665025147,0.2923095399884234,0.3051894334783073,0.2128218428858276,0.223540869954007,0.2174418922666189,0.3875973658998651,-0.0046200493807913
unsup,clip-large,mert-95m,0,1.0,heldout_like_c,0.0,0.0,0.0,0.032258064516129,0,15,0.032258064516129,0.8208731412887573,0.6424045422885526,0.1948635472659986,0.2172757475083056,0.6424045422885527,0.6095986430524424,0.678942204922271,0.2439255562823153,0.2561719689128132,0.2560114331963932,0.6688296756511004,-0.0120858769140778
text,clip-large,mert-95m,0,,aggregate,0.0625,0.1675,0.2325,0.32,7,15,0.0255,0.2856363654136657,0.2141506780786929,0.1269226058537805,0.0638439690285181,0.2141506780786929,0.208407212896212,0.2202196814264797,0.6260784439604461,0.3646712136523085,0.2174418922666189,0.3875973658998651,0.4086365516938272
text,clip-large,mert-95m,0,,heldout_like_c,0.064516129032258,0.3225806451612903,0.3870967741935484,0.5161290322580645,3,15,0.0387096774193548,0.1352594941854477,0.6371859880367348,0.1031339316510214,0.094437775110044,0.6371859880367348,0.6360700496026197,0.6383058490175877,0.6688296756511004,0.3524324540679373,0.2560114331963932,0.6688296756511004,0.4128182424547072
c-direct,dinov2-base,clap-fused,300,0.5,aggregate,0.7325,0.7775,0.8,0.8275,8,15,0.0555,0.3006377220153808,0.2408156493679467,0.1497100090921501,0.0673699589387549,0.2408156493679467,0.2428227997951723,0.2388414087447206,0.3690971556656183,0.3620561004316171,0.2174418922666189,0.3875973658998651,0.1516552633989994
c-direct,dinov2-base,clap-fused,300,0.5,heldout,0.04,0.11,0.2,0.31,4,15,0.01,0.2463223338127136,0.3565200405368197,0.015768223164307,0.0073705568142158,0.3565200405368197,0.3557136578936312,0.357330087534123,0.1925571607777394,0.188734634775795,0.160679153908908,0.5253825859201833,0.0318780068688313
c-transitive,dinov2-base,clap-fused,300,0.7,aggregate,0.04,0.1275,0.185,0.265,5,15,0.028,0.3506045043468475,0.2993695156076761,0.2163724463817402,0.0880011108138501,0.2993695156076761,0.2835076220668432,0.3171115039147236,0.5112152115700416,0.408977427554916,0.2174418922666189,0.3875973658998651,0.2937733193034226
c-transitive,dinov2-base,clap-fused,300,0.7,heldout_like_c,0.0,0.0571428571428571,0.1142857142857142,0.1714285714285714,1,15,0.0285714285714285,0.2550588250160217,0.5888296228423314,0.0925258560403754,0.0502197112366603,0.5888296228423314,0.5289962074231445,0.663924425829929,0.3406770383765201,0.2607663390236687,0.1527120666276729,0.5241085706524904,0.1879649717488471
procrustes,dinov2-base,clap-fused,300,,aggregate,0.71,0.7625,0.7775,0.795,5,15,0.066,0.2745278477668762,0.2730442314065595,0.1864740605483207,0.079468867445111,0.2730442314065596,0.2732319061799556,0.2728568142725063,0.3834207745600366,0.243976118550305,0.2174418922666189,0.3875973658998651,0.1659788822934177
procrustes,dinov2-base,clap-fused,300,,heldout,0.01,0.08,0.12,0.18,3,15,0.038,0.3072740137577057,0.4485849270961643,0.1764138986349883,0.1124746820695896,0.4485849270961642,0.4385974237681234,0.4590378896586774,0.2258682052103351,0.1718554694075526,0.160679153908908,0.5253825859201833,0.0651890513014271
d,dinov2-base,clap-fused,0,0.7,aggregate,0.05,0.15,0.235,0.355,6,15,0.0425,0.3893112540245056,0.2766598016447651,0.1897336413419466,0.0831187840159675,0.2766598016447652,0.278649262207755,0.2746985478330933,0.5323436666153556,0.4925624203629689,0.2174418922666189,0.3875973658998651,0.3149017743487367
d,dinov2-base,clap-fused,0,0.7,heldout_like_c,0.1428571428571428,0.1714285714285714,0.2571428571428571,0.2857142857142857,7,15,0.0114285714285714,0.18502277135849,0.6604571393850209,0.1631003750394956,0.095909560566462,0.6604571393850209,0.6176100458296913,0.7096925132526936,0.4141877452083608,0.3826223476389555,0.1527120666276729,0.5241085706524904,0.2614756785806879
unsup,dinov2-base,clap-fused,0,1.0,aggregate,0.0125,0.03,0.065,0.1175,4,15,0.0885,0.6358662247657776,0.3638289103326079,0.2871031475323647,0.1251385133927162,0.3638289103326079,0.3644493172577954,0.3632106120717511,0.2836488582336786,0.2499535020574314,0.2174418922666189,0.3875973658998651,0.0662069659670596
unsup,dinov2-base,clap-fused,0,1.0,heldout_like_c,0.0571428571428571,0.0571428571428571,0.1428571428571428,0.2,3,15,0.04,0.0855716466903686,0.5281375777037948,-0.0694827118528202,-0.0402447634737585,0.5281375777037949,0.4766302228609704,0.5921260658964788,0.1947065469519981,0.1627764123966422,0.1527120666276729,0.5241085706524904,0.0419944803243252
text,dinov2-base,clap-fused,0,,aggregate,0.0625,0.1675,0.2325,0.32,5,15,0.0345,0.294957160949707,0.2664643294305458,0.1798500981764728,0.0671842494888204,0.2664643294305458,0.2610288049039341,0.2721310409964708,0.6260784439604461,0.3646712136523085,0.2174418922666189,0.3875973658998651,0.4086365516938272
text,dinov2-base,clap-fused,0,,heldout_like_c,0.0857142857142857,0.1428571428571428,0.1714285714285714,0.2285714285714285,3,15,0.0228571428571428,0.2091801315546035,0.6361300059446185,0.067513577736953,0.0444103065428391,0.6361300059446184,0.6054287956924206,0.670111254722295,0.5241085706524904,0.3111176255575094,0.1527120666276729,0.5241085706524904,0.3713965040248175
c-direct,dinov2-base,clap-larger,300,0.5,aggregate,0.7375,0.78,0.8025,0.8325,12,15,0.071,0.2959332168102264,0.2412538672764087,0.150195606563883,0.0610277928880549,0.2412538672764087,0.2420738955167275,0.2404393759906956,0.3732360755861324,0.3667098394384384,0.2174418922666189,0.3875973658998651,0.1557941833195134
c-direct,dinov2-base,clap-larger,300,0.5,heldout,0.06,0.13,0.21,0.33,5,15,0.026,0.197313979268074,0.4046653439017829,0.1097487081799784,0.0625843962225623,0.4046653439017829,0.395900491623956,0.4138270732823322,0.2125600251520917,0.2023787577711596,0.160679153908908,0.5253825859201833,0.0518808712431836
c-transitive,dinov2-base,clap-larger,300,0.7,aggregate,0.045,0.13,0.1975,0.27,4,15,0.0245,0.3243875503540039,0.3134616266681844,0.2312370775129282,0.1062048283912718,0.3134616266681843,0.298147011080307,0.330434732968882,0.4721121381880874,0.4173015800524622,0.2174418922666189,0.3875973658998651,0.2546702459214685
c-transitive,dinov2-base,clap-larger,300,0.7,heldout_like_c,0.0,0.0344827586206896,0.1034482758620689,0.1379310344827586,4,15,0.0206896551724137,0.1489131152629852,0.5890981586189888,-0.0607291613707986,-0.0401789345262301,0.5890981586189888,0.533873242033542,0.6570664245476698,0.2722728678087917,0.2476102193242831,0.1554837812457442,0.5033821795531639,0.1167890865630474
procrustes,dinov2-base,clap-larger,300,,aggregate,0.735,0.76,0.775,0.7975,5,15,0.066,0.2587511837482452,0.2800519493937078,0.1938729973069666,0.0824888749734194,0.2800519493937078,0.2804910563454004,0.2796142151313183,0.3781060899741334,0.2402918840470399,0.2174418922666189,0.3875973658998651,0.1606641977075144
procrustes,dinov2-base,clap-larger,300,,heldout,0.05,0.06,0.1,0.19,5,15,0.052,0.2436853498220443,0.4463242981996765,0.1800547300162485,0.1057439498459569,0.4463242981996765,0.4335751928524163,0.4598458826872824,0.2145962166663937,0.1691799921505974,0.160679153908908,0.5253825859201833,0.0539170627574857
d,dinov2-base,clap-larger,0,0.7,aggregate,0.065,0.1525,0.2325,0.345,5,15,0.045,0.3541435599327087,0.2398861916486523,0.148489200155802,0.066544294975503,0.2398861916486523,0.2402950203433,0.2394787517220051,0.5270117109777935,0.4925661202213005,0.2174418922666189,0.3875973658998651,0.3095698187111746
d,dinov2-base,clap-larger,0,0.7,heldout_like_c,0.0344827586206896,0.1034482758620689,0.1379310344827586,0.2413793103448276,4,15,0.0206896551724137,0.0864194482564926,0.6670291247716922,-0.0268841510975313,-0.0203141361256544,0.6670291247716922,0.6398400579454442,0.6966314590719116,0.4026854830602306,0.3760349335361195,0.1554837812457442,0.5033821795531639,0.2472017018144864
unsup,dinov2-base,clap-larger,0,1.0,aggregate,0.01,0.03,0.0575,0.0975,2,15,0.094,0.6560856699943542,0.430339449442607,0.3621932133313097,0.2224698165658593,0.430339449442607,0.4282540142895061,0.4324452945460924,0.2678553103874329,0.2370121277549198,0.2174418922666189,0.3875973658998651,0.0504134181208139
unsup,dinov2-base,clap-larger,0,1.0,heldout_like_c,0.1034482758620689,0.1379310344827586,0.1724137931034483,0.2413793103448276,0,15,0.0206896551724137,0.0301782321184873,0.5925734616419274,-0.0074349667388216,0.0114833926884221,0.5925734616419274,0.5276699796434091,0.6756825051794507,0.1642210680817242,0.1532352730559644,0.1554837812457442,0.5033821795531639,0.00873728683598
text,dinov2-base,clap-larger,0,,aggregate,0.0625,0.1675,0.2325,0.32,4,15,0.023,0.2680774927139282,0.2507827671103102,0.1602927114978745,0.0544410717035244,0.2507827671103102,0.2427622535532735,0.259351360763538,0.6260784439604461,0.3646712136523085,0.2174418922666189,0.3875973658998651,0.4086365516938272
text,dinov2-base,clap-larger,0,,heldout_like_c,0.0344827586206896,0.1379310344827586,0.1724137931034483,0.2413793103448276,6,15,0.0344827586206896,0.1281365901231765,0.6530641788529882,0.0651447876278751,0.0441325824023635,0.6530641788529882,0.6020939083142506,0.7134623465121548,0.5033821795531639,0.384929139396626,0.1554837812457442,0.5033821795531639,0.3478983983074196
c-direct,dinov2-base,clap-unfused,300,0.5,aggregate,0.695,0.7625,0.785,0.8225,8,15,0.076,0.3211698234081268,0.23177815959942,0.1394018395478383,0.0643216736033215,0.23177815959942,0.2329837363009471,0.2305849952079563,0.3646362337518503,0.3602423485738362,0.2174418922666189,0.3875973658998651,0.1471943414852313
c-direct,dinov2-base,clap-unfused,300,0.5,heldout,0.06,0.12,0.18,0.3,2,15,0.042,0.2247042208909988,0.380595319428013,0.0705061833801513,0.0438073202838517,0.3805953194280131,0.3723130104668476,0.3892545012267962,0.1990102266391857,0.1958954102252224,0.160679153908908,0.5253825859201833,0.0383310727302777
c-transitive,dinov2-base,clap-unfused,300,0.7,aggregate,0.045,0.1375,0.1775,0.2625,3,15,0.0505,0.4068709909915924,0.281217996384034,0.197417877205563,0.0857999315963767,0.281217996384034,0.2665425747801764,0.2976035893741557,0.5034621706059105,0.4104627062854969,0.2174418922666189,0.3875973658998651,0.2860202783392915
c-transitive,dinov2-base,clap-unfused,300,0.7,heldout_like_c,0.0,0.032258064516129,0.0967741935483871,0.0967741935483871,3,15,0.032258064516129,0.1924745440483093,0.6430130581036403,0.0512421826930191,0.0337489251934651,0.6430130581036403,0.5960967728974371,0.6979454249692757,0.321061851197705,0.2543014138624141,0.1569291164411921,0.5050524861527003,0.1641327347565128
procrustes,dinov2-base,clap-unfused,300,,aggregate,0.665,0.74,0.7575,0.79,3,15,0.0814999999999999,0.3281568586826324,0.2760363458180372,0.18919252864965,0.0900931360251152,0.2760363458180372,0.2759187412036916,0.2761540507281647,0.3772510871141513,0.2548737427029297,0.2174418922666189,0.3875973658998651,0.1598091948475324
procrustes,dinov2-base,clap-unfused,300,,heldout,0.0,0.09,0.12,0.19,2,15,0.044,0.2853432893753052,0.439422497262418,0.1603170900415716,0.0882604787625064,0.439422497262418,0.4297833902409583,0.4495038922686585,0.2172082673473215,0.1777638878410576,0.160679153908908,0.5253825859201833,0.0565291134384135
d,dinov2-base,clap-unfused,0,0.7,aggregate,0.0525,0.1675,0.24,0.345,6,15,0.0435,0.3935774564743042,0.2574231563402586,0.1680994887807139,0.073529487179025,0.2574231563402586,0.2587976081919037,0.2560632265544508,0.5264048721088597,0.4919151635085477,0.2174418922666189,0.3875973658998651,0.3089629798422407
d,dinov2-base,clap-unfused,0,0.7,heldout_like_c,0.1290322580645161,0.1612903225806451,0.1612903225806451,0.1935483870967742,2,15,0.0129032258064516,0.0867130160331726,0.6108959696151878,-0.0895595885184862,-0.063748665548269,0.6108959696151878,0.5757212803826144,0.6506484650271537,0.4182894884950078,0.3763095144928226,0.1569291164411921,0.5050524861527003,0.2613603720538157
unsup,dinov2-base,clap-unfused,0,1.0,aggregate,0.0125,0.0475,0.075,0.125,1,15,0.11,0.6655682325363159,0.4183526251561957,0.3488866754982852,0.1851046176580232,0.4183526251561957,0.4150009275926544,0.4217589025694633,0.2798289937209173,0.2600366345033897,0.2174418922666189,0.3875973658998651,0.0623871014542984
unsup,dinov2-base,clap-unfused,0,1.0,heldout_like_c,0.064516129032258,0.0967741935483871,0.1612903225806451,0.1612903225806451,1,15,0.0774193548387097,0.1798388957977295,0.6723421839468539,0.1233204101085831,0.106760251200591,0.6723421839468537,0.6251629386551981,0.7272236575603392,0.1953888878741099,0.1612984872467047,0.1569291164411921,0.5050524861527003,0.0384597714329178
text,dinov2-base,clap-unfused,0,,aggregate,0.0625,0.1675,0.2325,0.32,3,15,0.025,0.3116725981235504,0.2614211549134422,0.1709518794113872,0.058561832915869,0.2614211549134422,0.2535597067283413,0.2697856784392757,0.6260784439604461,0.3646712136523085,0.2174418922666189,0.3875973658998651,0.4086365516938272
text,dinov2-base,clap-unfused,0,,heldout_like_c,0.0967741935483871,0.1612903225806451,0.1935483870967742,0.2258064516129032,1,15,0.0129032258064516,0.1813752204179763,0.6272973858301903,0.0337660779205301,0.0188618925831202,0.6272973858301903,0.5748700242778517,0.6902469670841147,0.5050524861527003,0.3181519383544057,0.1569291164411921,0.5050524861527003,0.3481233697115081
c-direct,dinov2-base,mert-330m,300,0.5,aggregate,0.3675,0.4725,0.5225,0.565,9,15,0.0425,0.4926992952823639,0.2715606868725023,0.1842905105791319,0.0711540383593113,0.2715606868725023,0.2710560115132731,0.2720672450331388,0.3244917534392019,0.2598721904934682,0.2174418922666189,0.3875973658998651,0.107049861172583
c-direct,dinov2-base,mert-330m,300,0.5,heldout,0.0,0.02,0.06,0.08,3,15,0.028,0.2969326972961426,0.3693948749010813,0.0328269566183395,0.0156192613193049,0.3693948749010813,0.3702557083102375,0.3685380350307466,0.1860068234895569,0.1712301226340042,0.160679153908908,0.5253825859201833,0.0253276695806489
c-transitive,dinov2-base,mert-330m,300,0.7,aggregate,0.0125,0.0525,0.115,0.1725,6,15,0.0155,0.3090481162071228,0.2829565923745926,0.2015160666000909,0.087232975828709,0.2829565923745926,0.2577562438127983,0.3136184887242896,0.2584323564853483,0.3174010561543592,0.2174418922666189,0.3875973658998651,0.0409904642187293
c-transitive,dinov2-base,mert-330m,300,0.7,heldout_like_c,0.0,0.0,0.04,0.08,0,15,0.0,0.0618785694241523,0.598025033448004,0.0163797684324602,0.0091463414634146,0.5980250334480041,0.5055231372371487,0.7319611221538606,0.1467501146382799,0.1992183710835946,0.1514793609904806,0.5130383687426999,-0.0047292463522006
procrustes,dinov2-base,mert-330m,300,,aggregate,0.6675,0.7075,0.73,0.75,7,15,0.0305,0.2914367318153381,0.242253464344712,0.1509994536013226,0.0584374389658656,0.242253464344712,0.2422804368115187,0.2422264978827895,0.3734651530155916,0.2226911746602043,0.2174418922666189,0.3875973658998651,0.1560232607489726
procrustes,dinov2-base,mert-330m,300,,heldout,0.0,0.01,0.08,0.12,1,15,0.036,0.2643626630306244,0.3944944092177829,0.0973674219276691,0.0515580603253354,0.3944944092177829,0.3829909614859021,0.4067102863305755,0.199571465032547,0.1580610160147032,0.160679153908908,0.5253825859201833,0.038892311123639
d,dinov2-base,mert-330m,0,0.7,aggregate,0.05,0.1475,0.2275,0.345,7,15,0.0225,0.3746792376041412,0.1876415987341586,0.0903049076837519,0.0358555007607251,0.1876415987341585,0.1876723807029704,0.1876108268613897,0.5324850243024405,0.4906104528805006,0.2174418922666189,0.3875973658998651,0.3150431320358215
d,dinov2-base,mert-330m,0,0.7,heldout_like_c,0.0,0.08,0.12,0.24,1,15,0.0,0.1311085820198059,0.7424882102196256,0.0077148018974584,0.0048250904704463,0.7424882102196256,0.7122290854036961,0.7754325402133224,0.4222988399290248,0.3859272303473151,0.1514793609904806,0.5130383687426999,0.2708194789385442
unsup,dinov2-base,mert-330m,0,1.0,aggregate,0.0025,0.0075,0.04,0.0825,7,15,0.1285,0.6651207804679871,0.3985021054233459,0.3279081996846884,0.1478298373702345,0.3985021054233459,0.3853945169225635,0.4125326856447036,0.2486801172329448,0.2394178921442303,0.2174418922666189,0.3875973658998651,0.0312382249663258
unsup,dinov2-base,mert-330m,0,1.0,heldout_like_c,0.0,0.0,0.0,0.04,2,15,0.112,0.4039221405982971,0.6537788120160385,0.0935192515510054,0.0601503759398496,0.6537788120160384,0.5652724323535472,0.7751456656856297,0.1609870719614801,0.1536415196013784,0.1514793609904806,0.5130383687426999,0.0095077109709995
text,dinov2-base,mert-330m,0,,aggregate,0.0625,0.1675,0.2325,0.32,5,15,0.015,0.2615370154380798,0.192248350286863,0.1001333845932358,0.0311355492064151,0.1922483502868631,0.1807605387225758,0.2052954185223466,0.6260784439604461,0.3646712136523085,0.2174418922666189,0.3875973658998651,0.4086365516938272
text,dinov2-base,mert-330m,0,,heldout_like_c,0.0,0.04,0.16,0.28,1,15,0.008,0.1715374439954757,0.7218651310176756,0.1243836401604137,0.0793201133144475,0.7218651310176757,0.6573895058357476,0.8003633870680742,0.5130383687426999,0.6218063413687772,0.1514793609904806,0.5130383687426999,0.3615590077522193
c-direct,dinov2-base,mert-95m,300,0.5,aggregate,0.5325,0.63,0.6625,0.715,5,15,0.0465,0.4653988480567932,0.1957410823924691,0.0999406393297874,0.031873872262075,0.1957410823924691,0.1948864030403488,0.1966032912019489,0.3403508775058164,0.2657614217683832,0.2174418922666189,0.3875973658998651,0.1229089852391974
c-direct,dinov2-base,mert-95m,300,0.5,heldout,0.0,0.03,0.06,0.14,2,15,0.034,0.3352284431457519,0.3552337131388871,0.0165023177583312,0.0081745543945912,0.3552337131388871,0.355593811856167,0.3548743430051813,0.1834313649461929,0.170382247013748,0.160679153908908,0.5253825859201833,0.0227522110372849
c-transitive,dinov2-base,mert-95m,300,0.7,aggregate,0.015,0.045,0.0975,0.1725,6,15,0.0045,0.2526491582393646,0.2654232472075557,0.1794963322131981,0.0713063303271313,0.2654232472075556,0.2519021606337126,0.2804781785537522,0.3407661174062948,0.3318813988844883,0.2174418922666189,0.3875973658998651,0.1233242251396759
c-transitive,dinov2-base,mert-95m,300,0.7,heldout_like_c,0.0,0.0,0.0454545454545454,0.0454545454545454,1,15,0.009090909090909,0.1706857532262802,0.6767863995999367,0.0548356403240495,0.0332480818414322,0.6767863995999367,0.5916629875611169,0.7905196009909874,0.2880044250493874,0.2434708612138495,0.1783646001134975,0.5367982482700835,0.1096398249358899
procrustes,dinov2-base,mert-95m,300,,aggregate,0.7275,0.7525,0.7625,0.77,4,15,0.0295,0.2467428296804428,0.1878189101675194,0.0905707463647624,0.0301123003038037,0.1878189101675194,0.1873897339681353,0.1882500567526611,0.3693601360857612,0.2210009869638139,0.2174418922666189,0.3875973658998651,0.1519182438191422
procrustes,dinov2-base,mert-95m,300,,heldout,0.0,0.02,0.06,0.09,2,15,0.024,0.1873573660850525,0.4171191889897411,0.1189561564079721,0.0786137659860237,0.4171191889897411,0.4154421249287253,0.4188098479340892,0.1921981794787206,0.1572943700242435,0.160679153908908,0.5253825859201833,0.0315190255698126
d,dinov2-base,mert-95m,0,0.7,aggregate,0.04,0.14,0.235,0.3325,5,15,0.022,0.392597883939743,0.1884417280474306,0.0941646426222174,0.0357690266921607,0.1884417280474306,0.1864993350131462,0.190425007007318,0.5321168337138719,0.490654074442637,0.2174418922666189,0.3875973658998651,0.3146749414472529
d,dinov2-base,mert-95m,0,0.7,heldout_like_c,0.0909090909090909,0.2272727272727272,0.3181818181818182,0.4090909090909091,4,15,0.0363636363636363,0.2518201470375061,0.7925848268179427,0.0500183150015905,0.0392156862745098,0.7925848268179428,0.7754876834154454,0.8104528456391145,0.4497814192705831,0.4129140454893106,0.1783646001134975,0.5367982482700835,0.2714168191570856
unsup,dinov2-base,mert-95m,0,1.0,aggregate,0.0,0.015,0.0225,0.0425,1,15,0.11,0.6562589406967163,0.3454291500468693,0.2664604402452672,0.1031166325308414,0.3454291500468694,0.3239961716132632,0.3698986681184127,0.2243565057376922,0.2249073093446868,0.2174418922666189,0.3875973658998651,0.0069146134710733
unsup,dinov2-base,mert-95m,0,1.0,heldout_like_c,0.0,0.0909090909090909,0.1363636363636363,0.1363636363636363,1,15,0.0454545454545454,0.3896366953849792,0.6563440963514527,-0.0376000634122878,-0.0262216924910607,0.6563440963514529,0.5770710643849203,0.7608651734604586,0.2070741319949568,0.176773684273906,0.1783646001134975,0.5367982482700835,0.0287095318814593
text,dinov2-base,mert-95m,0,,aggregate,0.0625,0.1675,0.2325,0.32,6,15,0.018,0.2670778632164001,0.1980060601120586,0.1082673537608607,0.0367229676425039,0.1980060601120586,0.1905546622607178,0.2060639280896209,0.6260784439604461,0.3646712136523085,0.2174418922666189,0.3875973658998651,0.4086365516938272
text,dinov2-base,mert-95m,0,,heldout_like_c,0.0454545454545454,0.1818181818181818,0.2727272727272727,0.2727272727272727,2,15,0.0181818181818181,0.2028745114803314,0.7815617492594169,0.2299391589506768,0.2094926350245499,0.7815617492594169,0.7202930793319485,0.8542225614538861,0.5367982482700835,0.3782903871461519,0.1783646001134975,0.5367982482700835,0.3584336481565859
c-direct,dinov2-large,clap-fused,300,0.5,aggregate,0.75,0.78,0.805,0.825,14,15,0.0645,0.3122045695781708,0.2613621203019072,0.1723461728392986,0.0786431802006004,0.2613621203019071,0.2675638073814462,0.2554414103609096,0.3661370990344663,0.3617029701274754,0.2174418922666189,0.3875973658998651,0.1486952067678474
c-direct,dinov2-large,clap-fused,300,0.5,heldout,0.03,0.12,0.22,0.3,2,15,0.03,0.399175226688385,0.3706729092260447,0.0693839504243089,0.0288687761999279,0.3706729092260448,0.3736560244890361,0.3677370486200078,0.2446715689484064,0.2413884199064688,0.1890891079021143,0.5670053080995435,0.055582461046292
c-transitive,dinov2-large,clap-fused,300,0.7,aggregate,0.0425,0.1325,0.185,0.2625,7,15,0.03,0.3630819022655487,0.284977762038216,0.1997194573052034,0.0862392936724844,0.284977762038216,0.2741138774291222,0.2967383151526753,0.5201286786283293,0.412907576891701,0.2174418922666189,0.3875973658998651,0.3026867863617104
c-transitive,dinov2-large,clap-fused,300,0.7,heldout_like_c,0.0333333333333333,0.1333333333333333,0.2,0.2333333333333333,5,15,0.0266666666666666,0.4611915946006775,0.7789668984523382,0.3577230200736047,0.3521594684385382,0.7789668984523382,0.7589116304142323,0.8001109133607743,0.3191991250575542,0.2831582947901182,0.167258854028392,0.5588590867256505,0.1519402710291622
procrustes,dinov2-large,clap-fused,300,,aggregate,0.7,0.75,0.7725,0.79,5,15,0.0684999999999999,0.3432592153549194,0.2919644231208319,0.2072383841199173,0.1046348530334155,0.2919644231208319,0.2967492477313695,0.2873314523049637,0.3706640797959295,0.2438794730687369,0.2174418922666189,0.3875973658998651,0.1532221875293105
procrustes,dinov2-large,clap-fused,300,,heldout,0.01,0.05,0.12,0.16,2,15,0.062,0.5056517124176025,0.4207044855297347,0.1285085088615565,0.0811895859537881,0.4207044855297348,0.4291465814582914,0.4125881246457525,0.2728693971643168,0.2012219607581609,0.1890891079021143,0.5670053080995435,0.0837802892622024
d,dinov2-large,clap-fused,0,0.7,aggregate,0.05,0.16,0.2375,0.355,6,15,0.036,0.3813641667366028,0.2694662520570099,0.1814048641977828,0.0789746507120515,0.2694662520570099,0.275214362493289,0.2639533386792074,0.5290393542739575,0.4932992988838061,0.2174418922666189,0.3875973658998651,0.3115974620073386
d,dinov2-large,clap-fused,0,0.7,heldout_like_c,0.2,0.2666666666666666,0.3,0.3666666666666666,5,15,0.02,0.2702312171459198,0.6987316432084154,0.071547238880694,0.0458015267175572,0.6987316432084154,0.6959905394773056,0.7014944235519458,0.4811534936140895,0.4399225301638514,0.167258854028392,0.5588590867256505,0.3138946395856974
unsup,dinov2-large,clap-fused,0,1.0,aggregate,0.0125,0.04,0.075,0.125,5,15,0.0875,0.6213627457618713,0.3578941705456006,0.2803739637412574,0.1186283182581427,0.3578941705456006,0.3631469339192865,0.3527911984082414,0.3002300662779079,0.2439421932174957,0.2174418922666189,0.3875973658998651,0.0827881740112889
unsup,dinov2-large,clap-fused,0,1.0,heldout_like_c,0.0,0.0,0.0666666666666666,0.1666666666666666,2,15,0.0266666666666666,0.3850244879722595,0.7111513428823104,0.1942158892335957,0.1812227074235808,0.7111513428823103,0.6847985260273596,0.7396135848470806,0.1856940052121315,0.1745968255483056,0.167258854028392,0.5588590867256505,0.0184351511837394
text,dinov2-large,clap-fused,0,,aggregate,0.0625,0.1675,0.2325,0.32,5,15,0.039,0.2793926000595093,0.2792090771797884,0.1940232140396741,0.0760414106352566,0.2792090771797884,0.2774971961452381,0.2809422105183293,0.6260784439604461,0.3646712136523085,0.2174418922666189,0.3875973658998651,0.4086365516938272
text,dinov2-large,clap-fused,0,,heldout_like_c,0.1333333333333333,0.2,0.2333333333333333,0.3,5,15,0.04,0.2749582231044769,0.6760731284274397,0.0688347067324862,0.0625,0.6760731284274398,0.6583570887727507,0.6947689930917145,0.5588590867256505,0.3255564000111847,0.167258854028392,0.5588590867256505,0.3916002326972584
c-direct,dinov2-large,clap-larger,300,0.5,aggregate,0.7725,0.8,0.82,0.84,13,15,0.0705,0.3002465963363647,0.2534343511961158,0.1636913212144889,0.0732392761590657,0.2534343511961158,0.257455906223211,0.2495365001759252,0.3659413970973958,0.361805227952454,0.2174418922666189,0.3875973658998651,0.1484995048307768
c-direct,dinov2-large,clap-larger,300,0.5,heldout,0.11,0.2,0.28,0.36,4,15,0.038,0.3312326073646545,0.3921728779441588,0.0817415767370695,0.0395493486679967,0.3921728779441588,0.400882319221901,0.3838338267703479,0.2406098973565208,0.237138887911859,0.1890891079021143,0.5670053080995435,0.0515207894544064
c-transitive,dinov2-large,clap-larger,300,0.7,aggregate,0.05,0.14,0.2025,0.295,3,15,0.0215,0.3135401010513305,0.3233206734720039,0.2421736901521295,0.1221153004799213,0.3233206734720039,0.3126335118012757,0.3347643630790818,0.4796073192173953,0.4208863194011225,0.2174418922666189,0.3875973658998651,0.2621654269507764
c-transitive,dinov2-large,clap-larger,300,0.7,heldout_like_c,0.032258064516129,0.032258064516129,0.064516129032258,0.1935483870967742,3,15,0.0,0.1037471145391464,0.6394489789043453,0.0564752809499843,0.0283192464834856,0.6394489789043453,0.6231152158643636,0.6566621090172802,0.3078027516074158,0.2750291983435989,0.1669681841832724,0.5462521924334325,0.1408345674241433
procrustes,dinov2-large,clap-larger,300,,aggregate,0.7125,0.7575,0.775,0.795,4,15,0.068,0.3354109525680542,0.2927853196627966,0.2084370567734154,0.1038210872066188,0.2927853196627966,0.2971265823301288,0.2885690889805302,0.3728608253222807,0.2406148543543923,0.2174418922666189,0.3875973658998651,0.1554189330556618
procrustes,dinov2-large,clap-larger,300,,heldout,0.0,0.05,0.11,0.18,2,15,0.028,0.4385952353477478,0.4052388944297834,0.1102825053674384,0.0518588843726919,0.4052388944297834,0.4120940196987116,0.3986081054222711,0.2642435004986973,0.1995039077527523,0.1890891079021143,0.5670053080995435,0.0751543925965829
d,dinov2-large,clap-larger,0,0.7,aggregate,0.0625,0.165,0.2375,0.3625,7,15,0.0385,0.3303459286689758,0.2582025241163411,0.1688866350605319,0.0799222193910642,0.2582025241163412,0.2630353238843713,0.2535441083196429,0.5289400893490286,0.4931057332105277,0.2174418922666189,0.3875973658998651,0.3114981970824096
d,dinov2-large,clap-larger,0,0.7,heldout_like_c,0.0967741935483871,0.1935483870967742,0.1935483870967742,0.3225806451612903,5,15,0.0258064516129032,0.2190677523612976,0.6301539086537812,0.0059406690033246,-0.0029580329081161,0.6301539086537812,0.6182696638841888,0.6425039801708234,0.4373770928912415,0.4209682355482159,0.1669681841832724,0.5462521924334325,0.2704089087079691
unsup,dinov2-large,clap-larger,0,1.0,aggregate,0.005,0.0275,0.04,0.0825,1,15,0.1035,0.6511945724487305,0.4256869909869648,0.3572248959411099,0.1786895311171807,0.4256869909869648,0.4302992874645323,0.421172522571847,0.2551713470911722,0.2346735934408014,0.2174418922666189,0.3875973658998651,0.0377294548245532
unsup,dinov2-large,clap-larger,0,1.0,heldout_like_c,0.032258064516129,0.064516129032258,0.064516129032258,0.0967741935483871,0,15,0.0064516129032258,0.3839133083820343,0.6064617923136704,0.0620971402060589,0.0344879975691279,0.6064617923136703,0.5660629365485711,0.6530701937060712,0.1481542926021285,0.1561951188752696,0.1669681841832724,0.5462521924334325,-0.0188138915811439
text,dinov2-large,clap-larger,0,,aggregate,0.0625,0.1675,0.2325,0.32,3,15,0.0245,0.2535558640956878,0.2833593808831278,0.1969919603977438,0.0705554680238032,0.2833593808831279,0.2782421973966205,0.2886683122176972,0.6260784439604461,0.3646712136523085,0.2174418922666189,0.3875973658998651,0.4086365516938272
text,dinov2-large,clap-larger,0,,heldout_like_c,0.064516129032258,0.1612903225806451,0.1935483870967742,0.2903225806451613,5,15,0.0258064516129032,0.084551602602005,0.6424406585995361,-0.0082276593679698,-0.0075302809647284,0.642440658599536,0.6446489713430091,0.6402474238192953,0.5462521924334325,0.4809899289829994,0.1669681841832724,0.5462521924334325,0.37928400825016
c-direct,dinov2-large,clap-unfused,300,0.5,aggregate,0.7425,0.77,0.8025,0.835,13,15,0.077,0.3316037654876709,0.2746264970379999,0.1872008531744077,0.0799253347855613,0.2746264970379999,0.2792975701873553,0.2701090952525687,0.3625545370188995,0.3564658023639099,0.2174418922666189,0.3875973658998651,0.1451126447522805
c-direct,dinov2-large,clap-unfused,300,0.5,heldout,0.07,0.14,0.25,0.35,2,15,0.036,0.4314521849155426,0.4029520171280881,0.1115649678985958,0.0645744875046563,0.4029520171280881,0.4054009286882164,0.400532514273015,0.2364589139968789,0.2375438338189567,0.1890891079021143,0.5670053080995435,0.0473698060947646
c-transitive,dinov2-large,clap-unfused,300,0.7,aggregate,0.05,0.14,0.175,0.26,4,15,0.051,0.3850590884685516,0.2966589136833771,0.2146703048171239,0.0825733718946657,0.2966589136833771,0.2855904751117574,0.3086198877611277,0.5119934066567002,0.4148719611205249,0.2174418922666189,0.3875973658998651,0.2945515143900813
c-transitive,dinov2-large,clap-unfused,300,0.7,heldout_like_c,0.0,0.0769230769230769,0.0769230769230769,0.1153846153846153,4,15,0.0384615384615384,0.2680547535419464,0.6618148780075382,0.0053299360377044,-0.0012836970474967,0.6618148780075381,0.6222973563329972,0.7066916603373935,0.3544027799870111,0.2963669127885041,0.1914140890927599,0.5619198263813345,0.1629886908942511
procrustes,dinov2-large,clap-unfused,300,,aggregate,0.6825,0.75,0.7625,0.7925,4,15,0.0814999999999999,0.3731284141540527,0.3042328156757418,0.2202440092086543,0.0964933934038235,0.3042328156757418,0.3075036212537826,0.3010308585498623,0.3748417337488224,0.2537561966326029,0.2174418922666189,0.3875973658998651,0.1573998414822035
procrustes,dinov2-large,clap-unfused,300,,heldout,0.0,0.07,0.1,0.19,2,15,0.06,0.4823008477687835,0.4612016186064588,0.2012912128065556,0.1539262555024376,0.4612016186064588,0.4609071725523635,0.4614964411090271,0.2689421538247519,0.2066498644644603,0.1890891079021143,0.5670053080995435,0.0798530459226375
d,dinov2-large,clap-unfused,0,0.7,aggregate,0.0525,0.165,0.245,0.345,7,15,0.036,0.3732109069824219,0.2743649387793158,0.1869349611776892,0.0753656844239018,0.2743649387793158,0.2798248888268477,0.2691139802410359,0.5311052449923133,0.492683140977724,0.2174418922666189,0.3875973658998651,0.3136633527256943
d,dinov2-large,clap-unfused,0,0.7,heldout_like_c,0.1538461538461538,0.2307692307692307,0.2307692307692307,0.2307692307692307,5,15,0.023076923076923,0.3558523654937744,0.716170889481159,0.0973373867601057,0.0599647266313932,0.716170889481159,0.6900434636809146,0.7443547270563815,0.4890713989460862,0.4495873810028516,0.1914140890927599,0.5619198263813345,0.2976573098533263
unsup,dinov2-large,clap-unfused,0,1.0,aggregate,0.015,0.0575,0.0875,0.1475,3,15,0.108,0.6361814141273499,0.3884778776816107,0.3152130632056117,0.1671410059240846,0.3884778776816107,0.3877238316296822,0.3892348623890602,0.2715787761861222,0.2547620998122137,0.2174418922666189,0.3875973658998651,0.0541368839195033
unsup,dinov2-large,clap-unfused,0,1.0,heldout_like_c,0.0384615384615384,0.0384615384615384,0.0384615384615384,0.1153846153846153,1,15,0.0615384615384615,0.3981404602527618,0.6644966976694224,0.1008017747950834,0.1249719542293022,0.6644966976694224,0.6048888597926242,0.7371366939876166,0.2209297933348353,0.2007294836708019,0.1914140890927599,0.5619198263813345,0.0295157042420754
text,dinov2-large,clap-unfused,0,,aggregate,0.0625,0.1675,0.2325,0.32,5,15,0.0255,0.2981696128845215,0.2704614543284412,0.1813621440025314,0.0608825768129869,0.2704614543284411,0.2661091294852001,0.2749585145230097,0.6260784439604461,0.3646712136523085,0.2174418922666189,0.3875973658998651,0.4086365516938272
text,dinov2-large,clap-unfused,0,,heldout_like_c,0.1153846153846153,0.1538461538461538,0.1538461538461538,0.1923076923076923,3,15,0.0076923076923076,0.2086375057697296,0.7439235380765999,0.1213716134494939,0.0786146655428702,0.7439235380766,0.73262076562506,0.7555805306260728,0.5619198263813345,0.3724639791622929,0.1914140890927599,0.5619198263813345,0.3705057372885746
c-direct,dinov2-large,mert-330m,300,0.5,aggregate,0.4225,0.54,0.6075,0.655,6,15,0.054,0.4668825566768646,0.2900573110351171,0.2046742471440908,0.0827363402966655,0.2900573110351171,0.2950681633639383,0.2852138055699432,0.3174345665275792,0.2591576511965938,0.2174418922666189,0.3875973658998651,0.0999926742609602
c-direct,dinov2-large,mert-330m,300,0.5,heldout,0.01,0.05,0.06,0.12,6,15,0.038,0.5238492488861084,0.4505713861407474,0.1664187229525958,0.1003977524452865,0.4505713861407474,0.4646773360433789,0.4372966173945858,0.2183650644011155,0.2096631289713872,0.1890891079021143,0.5670053080995435,0.0292759564990012
c-transitive,dinov2-large,mert-330m,300,0.7,aggregate,0.015,0.0575,0.125,0.1825,5,15,0.017,0.2954464852809906,0.2745065775697842,0.1928693867238333,0.082565981087368,0.2745065775697842,0.2534297968256142,0.299407114889441,0.2576177285856299,0.3186999866179082,0.2174418922666189,0.3875973658998651,0.0401758363190109
c-transitive,dinov2-large,mert-330m,300,0.7,heldout_like_c,0.0,0.0384615384615384,0.0384615384615384,0.0769230769230769,4,15,0.0153846153846153,0.2287595719099044,0.5592876911667678,0.0210965332171206,-0.000164129498174,0.5592876911667678,0.4724410446439711,0.6852549268319691,0.2173947744022385,0.2687360409774405,0.1946049136921067,0.5783881885624559,0.0227898607101317
procrustes,dinov2-large,mert-330m,300,,aggregate,0.6975,0.7325,0.75,0.7675,3,15,0.0275,0.2906462252140045,0.2417615253405319,0.1501916260823687,0.0603672833871282,0.2417615253405319,0.2458263873247409,0.2378289057057158,0.3706606950576316,0.2231971991971867,0.2174418922666189,0.3875973658998651,0.1532188027910127
procrustes,dinov2-large,mert-330m,300,,heldout,0.02,0.02,0.06,0.11,2,15,0.0279999999999999,0.3901394605636596,0.4392891359585544,0.1630746869593105,0.1088686047264877,0.4392891359585543,0.4436629977855882,0.4350006718699947,0.2498067987938869,0.1893295340509669,0.1890891079021143,0.5670053080995435,0.0607176908917725
d,dinov2-large,mert-330m,0,0.7,aggregate,0.045,0.1475,0.2225,0.335,4,15,0.0285,0.356016457080841,0.2001064491605076,0.104043871032019,0.0343004023213576,0.2001064491605076,0.2032458699043301,0.1970625387369777,0.5340590766401799,0.4911922549217131,0.2174418922666189,0.3875973658998651,0.316617184373561
d,dinov2-large,mert-330m,0,0.7,heldout_like_c,0.0384615384615384,0.1923076923076923,0.1923076923076923,0.3846153846153846,2,15,0.0307692307692307,0.4401737749576568,0.7623498740503198,0.14300978083548,0.1001761892776239,0.76234987405032,0.7627554943998008,0.7619446848755012,0.4972146981428655,0.4591579652341171,0.1946049136921067,0.5783881885624559,0.3026097844507587
unsup,dinov2-large,mert-330m,0,1.0,aggregate,0.01,0.0375,0.06,0.095,3,15,0.1275,0.6545253992080688,0.4008926011239176,0.3322864721321607,0.1525552932675591,0.4008926011239176,0.3930597942263241,0.4090439364004309,0.2509805829172499,0.2366023781651338,0.2174418922666189,0.3875973658998651,0.0335386906506309
unsup,dinov2-large,mert-330m,0,1.0,heldout_like_c,0.0,0.0,0.0384615384615384,0.0384615384615384,1,15,0.0615384615384615,0.6563007831573486,0.72725472006381,0.1316757910944956,0.1169126826760666,0.72725472006381,0.7029811151310977,0.7532645895510639,0.2030097507959337,0.2027764017848466,0.1946049136921067,0.5783881885624559,0.0084048371038269
text,dinov2-large,mert-330m,0,,aggregate,0.0625,0.1675,0.2325,0.32,3,15,0.017,0.2468788623809814,0.192719912486905,0.1007890208577377,0.0308118196349537,0.192719912486905,0.18372792034785,0.2026373688216486,0.6260784439604461,0.3646712136523085,0.2174418922666189,0.3875973658998651,0.4086365516938272
text,dinov2-large,mert-330m,0,,heldout_like_c,0.0384615384615384,0.0769230769230769,0.1923076923076923,0.3461538461538461,3,15,0.0076923076923076,0.2822282910346985,0.6265838445186177,-0.0293203864952653,-0.0228999348817017,0.6265838445186176,0.5746674108156137,0.6888123243255843,0.5783881885624559,0.468566120828106,0.1946049136921067,0.5783881885624559,0.3837832748703491
c-direct,dinov2-large,mert-95m,300,0.5,aggregate,0.6,0.6475,0.6775,0.715,11,15,0.0375,0.4658312499523163,0.2223765876080996,0.1307453908261604,0.043410262799433,0.2223765876080996,0.2243091025615773,0.220477087040626,0.3469728460092965,0.2662327062302753,0.2174418922666189,0.3875973658998651,0.1295309537426776
c-direct,dinov2-large,mert-95m,300,0.5,heldout,0.02,0.04,0.05,0.09,2,15,0.042,0.6232995986938477,0.3986705577915157,0.0963891096412642,0.0568949401245127,0.3986705577915157,0.4078970011962031,0.3898522777686846,0.2328711940699821,0.2075599802532316,0.1890891079021143,0.5670053080995435,0.0437820861678677
c-transitive,dinov2-large,mert-95m,300,0.7,aggregate,0.0175,0.05,0.1075,0.185,4,15,0.009,0.2349004000425338,0.2450080856215631,0.1557283790850664,0.0620708065460873,0.2450080856215632,0.2371338719001625,0.2534231990566148,0.3540804564122037,0.3344084831890188,0.2174418922666189,0.3875973658998651,0.1366385641455847
c-transitive,dinov2-large,mert-95m,300,0.7,heldout_like_c,0.0,0.037037037037037,0.037037037037037,0.074074074074074,1,15,0.0074074074074074,0.097075879573822,0.7037888766396737,0.1415623430948937,0.0914225202965054,0.7037888766396737,0.6560707770739598,0.758992821539347,0.3287026912113843,0.2947614520938655,0.2058077239663089,0.5988970111921595,0.1228949672450754
procrustes,dinov2-large,mert-95m,300,,aggregate,0.7275,0.755,0.7575,0.775,5,15,0.022,0.2766007483005523,0.1903455833098976,0.0945888714269751,0.034169441845023,0.1903455833098976,0.1922783586982703,0.1884512776078224,0.3643910972760096,0.2212471346447301,0.2174418922666189,0.3875973658998651,0.1469492050093906
procrustes,dinov2-large,mert-95m,300,,heldout,0.0,0.03,0.04,0.11,2,15,0.026,0.4021939039230346,0.4178629915762006,0.1167377836988783,0.0673677822854933,0.4178629915762006,0.4308279565060318,0.4056555435309917,0.2397689773595402,0.186970401654383,0.1890891079021143,0.5670053080995435,0.0506798694574259
d,dinov2-large,mert-95m,0,0.7,aggregate,0.0475,0.145,0.23,0.335,6,15,0.0175,0.3834623694419861,0.1988718510984904,0.1036030711530812,0.0392362576785103,0.1988718510984904,0.2005559595834146,0.197215790679571,0.5320826957786845,0.4914202905609608,0.2174418922666189,0.3875973658998651,0.3146408035120656
d,dinov2-large,mert-95m,0,0.7,heldout_like_c,0.1111111111111111,0.1851851851851851,0.2592592592592592,0.2962962962962963,3,15,0.0,0.5395963788032532,0.722732801270787,0.1641012238713314,0.1178571428571428,0.7227328012707868,0.6837227732869173,0.7664636364494545,0.5267633713784993,0.4885380782928982,0.2058077239663089,0.5988970111921595,0.3209556474121903
unsup,dinov2-large,mert-95m,0,1.0,aggregate,0.005,0.015,0.0325,0.0525,1,15,0.096,0.6338881254196167,0.3272411613302211,0.2491989104971098,0.1090962648518453,0.3272411613302211,0.3130460378009332,0.3427847935800049,0.2240861944222225,0.2253738994662539,0.2174418922666189,0.3875973658998651,0.0066443021556035
unsup,dinov2-large,mert-95m,0,1.0,heldout_like_c,0.0,0.0,0.0,0.0,0,15,0.0666666666666666,0.6290388107299805,0.7833962597769119,0.3452541631358806,0.3139506474468605,0.7833962597769119,0.7392860481312746,0.8331042228670157,0.1923872291517418,0.2109266537302715,0.2058077239663089,0.5988970111921595,-0.013420494814567
text,dinov2-large,mert-95m,0,,aggregate,0.0625,0.1675,0.2325,0.32,6,15,0.024,0.2558916807174682,0.2098542365483564,0.1213225259636312,0.0339876118856157,0.2098542365483564,0.204843477873147,0.2151162824262018,0.6260784439604461,0.3646712136523085,0.2174418922666189,0.3875973658998651,0.4086365516938272
text,dinov2-large,mert-95m,0,,heldout_like_c,0.074074074074074,0.1481481481481481,0.2222222222222222,0.2962962962962963,2,15,0.0074074074074074,0.3369643092155456,0.7105011556505328,0.0614605860012975,0.067517656968833,0.7105011556505328,0.6837227732869172,0.739462620089038,0.5988970111921595,0.3965042886409419,0.2058077239663089,0.5988970111921595,0.3930892872258506
c-direct,dinov2-small,clap-fused,300,0.5,aggregate,0.7025,0.78,0.7875,0.8225,13,15,0.064,0.340829998254776,0.2636986298866711,0.1757401696481317,0.0824906745549427,0.2636986298866711,0.2650632311014518,0.2623480072150418,0.3653463434742919,0.3560449442433714,0.2174418922666189,0.3875973658998651,0.1479044512076729
c-direct,dinov2-small,clap-fused,300,0.5,heldout,0.03,0.15,0.17,0.29,4,15,0.04,0.3979858160018921,0.3633172270264074,0.0372876967111826,0.0150459738088604,0.3633172270264074,0.3656805857588442,0.3609842204548024,0.2531707152751052,0.2480674126021924,0.1916889202172014,0.5667887288005165,0.0614817950579038
c-transitive,dinov2-small,clap-fused,300,0.7,aggregate,0.0375,0.1175,0.175,0.25,4,15,0.034,0.3815124332904815,0.2810687751309618,0.1947732181318114,0.0802104227799655,0.2810687751309618,0.2637832281898932,0.3007786055909516,0.5170611901717439,0.408627895701327,0.2174418922666189,0.3875973658998651,0.299619297905125
c-transitive,dinov2-small,clap-fused,300,0.7,heldout_like_c,0.0,0.064516129032258,0.0967741935483871,0.1935483870967742,2,15,0.0387096774193548,0.3945808112621307,0.6505384723802283,0.173312987539183,0.1036889332003988,0.6505384723802284,0.5886147357332305,0.7270231153916007,0.4023664344170339,0.3099583741049372,0.1805782744255035,0.5594997548009211,0.2217881599915304
procrustes,dinov2-small,clap-fused,300,,aggregate,0.69,0.7375,0.7575,0.785,6,15,0.0605,0.3458977341651916,0.2820838188816271,0.1962144929690331,0.0968044803848858,0.2820838188816271,0.2811912789068425,0.2829820429890598,0.370412727674066,0.2401326868302765,0.2174418922666189,0.3875973658998651,0.152970835407447
procrustes,dinov2-small,clap-fused,300,,heldout,0.0,0.04,0.08,0.16,2,15,0.058,0.4956848919391632,0.3934565952602132,0.1095146352006385,0.0732249707696187,0.3934565952602132,0.3850277524852548,0.4022627380681411,0.2603129372647823,0.2029285418729541,0.1916889202172014,0.5667887288005165,0.0686240170475809
d,dinov2-small,clap-fused,0,0.7,aggregate,0.05,0.155,0.235,0.355,10,15,0.0405,0.3972912132740021,0.2464468453692483,0.1564010097237696,0.0710911528747813,0.2464468453692483,0.2473459654214053,0.2455542383714517,0.528730209422832,0.4918321671408495,0.2174418922666189,0.3875973658998651,0.3112883171562131
d,dinov2-small,clap-fused,0,0.7,heldout_like_c,0.1290322580645161,0.1935483870967742,0.2580645161290322,0.3225806451612903,6,15,0.0064516129032258,0.3712652027606964,0.6706302239628954,0.0888517446800352,0.0546792849631966,0.6706302239628954,0.6530382580953967,0.6891962367856393,0.4718176584460932,0.4408954146997367,0.1805782744255035,0.5594997548009211,0.2912393840205897
unsup,dinov2-small,clap-fused,0,1.0,aggregate,0.0075,0.035,0.0625,0.125,6,15,0.0885,0.6281492114067078,0.366750459705584,0.2909961335261595,0.1569378748069776,0.366750459705584,0.3666702811455081,0.3668306733380825,0.2874310898278565,0.2494278557232079,0.2174418922666189,0.3875973658998651,0.0699891975612375
unsup,dinov2-small,clap-fused,0,1.0,heldout_like_c,0.0,0.032258064516129,0.064516129032258,0.2580645161290322,5,15,0.0258064516129032,0.3712908029556274,0.6503710339538669,0.0869214533265036,0.0687984496124031,0.6503710339538669,0.6205692673828862,0.683179551199286,0.2091495915579593,0.1986457304211772,0.1805782744255035,0.5594997548009211,0.0285713171324558
text,dinov2-small,clap-fused,0,,aggregate,0.0625,0.1675,0.2325,0.32,3,15,0.0395,0.2920082807540893,0.2610771077184593,0.1741657750618566,0.0679472603915796,0.2610771077184593,0.2551110051697982,0.2673289426200337,0.6260784439604461,0.3646712136523085,0.2174418922666189,0.3875973658998651,0.4086365516938272
text,dinov2-small,clap-fused,0,,heldout_like_c,0.032258064516129,0.0967741935483871,0.1612903225806451,0.2258064516129032,6,15,0.032258064516129,0.3954645991325378,0.6602369866855977,0.0252279673394118,0.0379310344827586,0.6602369866855977,0.6521502545828559,0.6685267895533153,0.5594997548009211,0.3458670128442075,0.1805782744255035,0.5594997548009211,0.3789214803754175
c-direct,dinov2-small,clap-larger,300,0.5,aggregate,0.725,0.7725,0.7875,0.83,12,15,0.069,0.3141997158527374,0.2598931234108368,0.1716460986809562,0.0764891951796893,0.2598931234108368,0.2597284944062685,0.2600579612480877,0.3666498673297879,0.3581495721246825,0.2174418922666189,0.3875973658998651,0.1492079750631689
c-direct,dinov2-small,clap-larger,300,0.5,heldout,0.04,0.12,0.17,0.32,3,15,0.026,0.3218922913074493,0.3692481593853784,0.0597386271370181,0.0256256705841255,0.3692481593853784,0.3683533950549403,0.3701472812305954,0.2478081630050751,0.2444783654323591,0.1916889202172014,0.5667887288005165,0.0561192427878737
c-transitive,dinov2-small,clap-larger,300,0.7,aggregate,0.0375,0.1225,0.19,0.2825,5,15,0.022,0.3429218530654907,0.2976850720781191,0.212951455495364,0.0861994807420569,0.297685072078119,0.284308410548394,0.3123826203206708,0.4699364414494114,0.4164054986135005,0.2174418922666189,0.3875973658998651,0.2524945491827924
c-transitive,dinov2-small,clap-larger,300,0.7,heldout_like_c,0.0,0.08,0.12,0.2,4,15,0.008,0.4546411633491516,0.7872038708491907,0.3240146822098112,0.2946708463949843,0.7872038708491909,0.745883580449856,0.8333707560762604,0.3376618968360304,0.300856089236489,0.1747011942491821,0.5352512445368146,0.1629607025868482
procrustes,dinov2-small,clap-larger,300,,aggregate,0.715,0.75,0.775,0.8,7,15,0.0679999999999999,0.3274518251419067,0.2850812470779338,0.1996723404398576,0.0914363408827222,0.2850812470779338,0.2846828387412953,0.2854807721074736,0.3792524082269816,0.2377452236108549,0.2174418922666189,0.3875973658998651,0.1618105159603627
procrustes,dinov2-small,clap-larger,300,,heldout,0.01,0.03,0.11,0.2,3,15,0.0599999999999999,0.4256549477577209,0.407327056352686,0.1139109622157338,0.0545418825667346,0.407327056352686,0.4059245241299742,0.4087393141115866,0.2737320465842546,0.2012638851805226,0.1916889202172014,0.5667887288005165,0.0820431263670531
d,dinov2-small,clap-larger,0,0.7,aggregate,0.055,0.1525,0.24,0.3525,7,15,0.0405,0.3567942082881927,0.2506287765469778,0.1610433634238919,0.0782313223249833,0.2506287765469778,0.2508097551181317,0.2504480589674767,0.5249423258779702,0.4917351127272888,0.2174418922666189,0.3875973658998651,0.3075004336113512
d,dinov2-small,clap-larger,0,0.7,heldout_like_c,0.12,0.16,0.24,0.36,5,15,0.008,0.1686163246631622,0.7373944575796908,0.0588378908158503,0.0357142857142857,0.7373944575796909,0.7227028364908864,0.752695797061429,0.4390177703405979,0.4069840353106878,0.1747011942491821,0.5352512445368146,0.2643165760914159
unsup,dinov2-small,clap-larger,0,1.0,aggregate,0.0075,0.0175,0.035,0.0575,1,15,0.1085,0.6631737947463989,0.404505158023892,0.3335253779540564,0.1727560602776841,0.404505158023892,0.398476826023844,0.4107186903101238,0.2647161005301958,0.2349137448076992,0.2174418922666189,0.3875973658998651,0.0472742082635768
unsup,dinov2-small,clap-larger,0,1.0,heldout_like_c,0.0,0.0,0.08,0.12,1,15,0.048,0.3754571974277496,0.7369783788565568,0.2470744824770971,0.1867469879518072,0.7369783788565569,0.678546209718493,0.8064224527951749,0.1825894897555897,0.1801085547422248,0.1747011942491821,0.5352512445368146,0.0078882955064076
text,dinov2-small,clap-larger,0,,aggregate,0.0625,0.1675,0.2325,0.32,6,15,0.0315,0.2718507349491119,0.2465045626841432,0.155780435800325,0.0547816656194865,0.2465045626841432,0.2380307582211042,0.2556039666849203,0.6260784439604461,0.3646712136523085,0.2174418922666189,0.3875973658998651,0.4086365516938272
text,dinov2-small,clap-larger,0,,heldout_like_c,0.0,0.16,0.24,0.28,3,15,0.016,0.3087954819202423,0.7569901059078311,0.2418289235232415,0.2396313364055299,0.7569901059078313,0.7132670844960695,0.8064235882340456,0.5352512445368146,0.5505399905455309,0.1747011942491821,0.5352512445368146,0.3605500502876325
c-direct,dinov2-small,clap-unfused,300,0.5,aggregate,0.6425,0.7475,0.77,0.8075,12,15,0.0584999999999999,0.3368125557899475,0.2488743915432637,0.1590386502668955,0.0714628912413466,0.2488743915432638,0.2491919163654072,0.2485576748830256,0.364424337608381,0.354156018437829,0.2174418922666189,0.3875973658998651,0.146982445341762
c-direct,dinov2-small,clap-unfused,300,0.5,heldout,0.01,0.1,0.15,0.25,4,15,0.02,0.3559620380401611,0.3552588331071608,0.0319090435104734,0.0089225631184108,0.3552588331071608,0.3555284043776338,0.3549896703194495,0.2564212333628921,0.250004798123743,0.1916889202172014,0.5667887288005165,0.0647323131456906
c-transitive,dinov2-small,clap-unfused,300,0.7,aggregate,0.0375,0.125,0.1725,0.2575,2,15,0.053,0.4163538813591003,0.2663606547838008,0.1807178368952387,0.0718951784269909,0.2663606547838008,0.2516774403016366,0.2828632957670433,0.5085400882866022,0.4116094481220142,0.2174418922666189,0.3875973658998651,0.2910981960199833
c-transitive,dinov2-small,clap-unfused,300,0.7,heldout_like_c,0.0357142857142857,0.1071428571428571,0.1785714285714285,0.1785714285714285,1,15,0.0428571428571428,0.3877623677253723,0.6724271846075728,0.1591456165436444,0.1079646017699115,0.6724271846075727,0.6084769124753641,0.7513983464549523,0.3632399652262031,0.2916472256578118,0.1864979071594143,0.5353957183744474,0.1767420580667887
procrustes,dinov2-small,clap-unfused,300,,aggregate,0.655,0.7275,0.7575,0.7725,5,15,0.0755,0.3969288468360901,0.2778731544891095,0.1915178460139658,0.0863790119634976,0.2778731544891095,0.277618960807229,0.2781278140876136,0.3805117133836527,0.2505591468448567,0.2174418922666189,0.3875973658998651,0.1630698211170337
procrustes,dinov2-small,clap-unfused,300,,heldout,0.02,0.05,0.11,0.14,2,15,0.078,0.5500837564468384,0.4031906636536968,0.1185510601179271,0.0767684070216659,0.4031906636536968,0.3948901884147878,0.4118475782226943,0.2797919540669988,0.2109232781447927,0.1916889202172014,0.5667887288005165,0.0881030338497974
d,dinov2-small,clap-unfused,0,0.7,aggregate,0.05,0.1675,0.2475,0.3525,6,15,0.0415,0.404097706079483,0.2502901464648707,0.160750772846535,0.0745171445443846,0.2502901464648707,0.2510128795667958,0.2495715632973239,0.5252084373624862,0.4907653176997115,0.2174418922666189,0.3875973658998651,0.3077665450958673
d,dinov2-small,clap-unfused,0,0.7,heldout_like_c,0.0714285714285714,0.1428571428571428,0.2142857142857142,0.2857142857142857,5,15,0.0142857142857142,0.2176653891801834,0.7057685874953485,0.0444825333825553,0.0314960629921259,0.7057685874953485,0.6908293954775631,0.7213681810310191,0.450765109521175,0.4104965115247443,0.1864979071594143,0.5353957183744474,0.2642672023617606
unsup,dinov2-small,clap-unfused,0,1.0,aggregate,0.005,0.0225,0.04,0.1075,4,15,0.0989999999999999,0.6764442920684814,0.4316901418786095,0.363748415986818,0.1920098666905485,0.4316901418786096,0.4275303500891779,0.4359316770363137,0.2874734501666432,0.2590302478780603,0.2174418922666189,0.3875973658998651,0.0700315579000242
unsup,dinov2-small,clap-unfused,0,1.0,heldout_like_c,0.0,0.0357142857142857,0.0357142857142857,0.1071428571428571,0,15,0.0714285714285714,0.3432688117027282,0.6518934960463025,0.0848944408586709,0.0442477876106194,0.6518934960463025,0.5938325749643625,0.7225383996232295,0.2072802150340888,0.1991336499157472,0.1864979071594143,0.5353957183744474,0.0207823078746744
text,dinov2-small,clap-unfused,0,,aggregate,0.0625,0.1675,0.2325,0.32,5,15,0.0345,0.3132737576961517,0.2510307298061127,0.1595756660732982,0.0538729145341583,0.2510307298061127,0.2428783382566718,0.2597494114390125,0.6260784439604461,0.3646712136523085,0.2174418922666189,0.3875973658998651,0.4086365516938272
text,dinov2-small,clap-unfused,0,,heldout_like_c,0.0357142857142857,0.1785714285714285,0.1785714285714285,0.2142857142857142,3,15,0.0142857142857142,0.3307119905948639,0.6925413381829619,0.0187075998334189,0.0089887640449438,0.692541338182962,0.6710241580734868,0.7154841813124554,0.5353957183744474,0.371744396705261,0.1864979071594143,0.5353957183744474,0.348897811215033
c-direct,dinov2-small,mert-330m,300,0.5,aggregate,0.2825,0.3975,0.475,0.5425,8,15,0.0495,0.5390321612358093,0.2808239917488153,0.1947659048302007,0.0856689053092689,0.2808239917488153,0.2812169615333674,0.280432118695837,0.3199851790208406,0.2609909723121631,0.2174418922666189,0.3875973658998651,0.1025432867542216
c-direct,dinov2-small,mert-330m,300,0.5,heldout,0.01,0.03,0.06,0.12,3,15,0.064,0.4974616765975952,0.3984637977068866,0.0830141068572275,0.05655739825619,0.3984637977068867,0.4037668146074583,0.3932982731662091,0.2260029084897553,0.2105868792933361,0.1916889202172014,0.5667887288005165,0.0343139882725538
c-transitive,dinov2-small,mert-330m,300,0.7,aggregate,0.015,0.06,0.115,0.1825,5,15,0.019,0.3056810796260834,0.2651896319504411,0.1826532160858593,0.0726501626957265,0.2651896319504411,0.2393861304357619,0.2972279166380914,0.2540096548390946,0.3170727572269829,0.2174418922666189,0.3875973658998651,0.0365677625724757
c-transitive,dinov2-small,mert-330m,300,0.7,heldout_like_c,0.0,0.0416666666666666,0.0416666666666666,0.0416666666666666,1,15,0.0166666666666666,0.3686318695545196,0.6113249053553788,0.0430482452582231,0.0169454937938478,0.6113249053553788,0.505916387349768,0.7722177547242343,0.143649050721683,0.2502963336332061,0.1916873702557746,0.5639471218832606,-0.0480383195340916
procrustes,dinov2-small,mert-330m,300,,aggregate,0.635,0.7125,0.735,0.75,4,15,0.038,0.3490001857280731,0.2502204201989845,0.1606797075122355,0.0765111129773715,0.2502204201989844,0.2484866952441549,0.2519785079990959,0.3705592634129053,0.2174672278785331,0.2174418922666189,0.3875973658998651,0.1531173711462864
procrustes,dinov2-small,mert-330m,300,,heldout,0.02,0.03,0.08,0.12,3,15,0.038,0.4286397397518158,0.4028388663120602,0.0935456734341491,0.0440458921271264,0.4028388663120602,0.4084150252197721,0.3974129209806571,0.2381828426605463,0.174758578162331,0.1916889202172014,0.5667887288005165,0.0464939224433449
d,dinov2-small,mert-330m,0,0.7,aggregate,0.055,0.1475,0.225,0.32,5,15,0.0265,0.3747612535953522,0.1854782557054097,0.0884298200582272,0.0341211711952067,0.1854782557054097,0.1846665645340255,0.1862971138617713,0.5331621872516162,0.4894887554029347,0.2174418922666189,0.3875973658998651,0.3157202949849973
d,dinov2-small,mert-330m,0,0.7,heldout_like_c,0.0,0.0833333333333333,0.2083333333333333,0.2916666666666667,1,15,0.0,0.5100165605545044,0.7514163550784648,0.0294335861005917,0.0242045145499048,0.7514163550784647,0.7182153407123145,0.7878357177697399,0.4705958281156175,0.4299002211494143,0.1916873702557746,0.5639471218832606,0.2789084578598429
unsup,dinov2-small,mert-330m,0,1.0,aggregate,0.0025,0.0275,0.0525,0.09,5,15,0.11,0.6895537972450256,0.3740354346717199,0.3003589249010682,0.1481412260259106,0.3740354346717199,0.3657108086349742,0.3827478731199464,0.2473921127968763,0.2393046072353303,0.2174418922666189,0.3875973658998651,0.0299502205302573
unsup,dinov2-small,mert-330m,0,1.0,heldout_like_c,0.0,0.0416666666666666,0.0833333333333333,0.0833333333333333,3,15,0.0499999999999999,0.694972813129425,0.7822269778470925,0.3094592236298029,0.2068965517241379,0.7822269778470926,0.7044616482192135,0.8792917554300062,0.1889151775219687,0.2055698110238316,0.1916873702557746,0.5639471218832606,-0.0027721927338059
text,dinov2-small,mert-330m,0,,aggregate,0.0625,0.1675,0.2325,0.32,3,15,0.016,0.2656248807907104,0.1813086090113924,0.0881970131207914,0.0254584775405403,0.1813086090113924,0.1700662180587251,0.1941425918131619,0.6260784439604461,0.3646712136523085,0.2174418922666189,0.3875973658998651,0.4086365516938272
text,dinov2-small,mert-330m,0,,heldout_like_c,0.0,0.0833333333333333,0.2083333333333333,0.25,1,15,0.025,0.3009073734283447,0.7125892975957768,-0.0018856886511255,-0.0020746887966804,0.7125892975957768,0.6605624094867117,0.7735122878754609,0.5639471218832606,0.4841696952901842,0.1916873702557746,0.5639471218832606,0.3722597516274859
c-direct,dinov2-small,mert-95m,300,0.5,aggregate,0.505,0.6175,0.6425,0.685,7,15,0.036,0.4894792437553406,0.2116133129917565,0.1187970898476135,0.0443218088275356,0.2116133129917565,0.2100166924325343,0.2132343956595196,0.3364496623520574,0.2712983000504376,0.2174418922666189,0.3875973658998651,0.1190077700854384
c-direct,dinov2-small,mert-95m,300,0.5,heldout,0.02,0.06,0.07,0.13,2,15,0.012,0.5162181258201599,0.3838563533978945,0.0631357377372817,0.0234048481471161,0.3838563533978945,0.3873676965010606,0.3804080964627698,0.2179901956591021,0.2058833897446744,0.1916889202172014,0.5667887288005165,0.0263012754419007
c-transitive,dinov2-small,mert-95m,300,0.7,aggregate,0.0225,0.065,0.1075,0.1775,6,15,0.009,0.2598256468772888,0.2222299249744104,0.1307337087918621,0.0507604392034448,0.2222299249744105,0.2109073429537969,0.2348371828692151,0.3507212463333032,0.3324376712786241,0.2174418922666189,0.3875973658998651,0.1332793540666843
c-transitive,dinov2-small,mert-95m,300,0.7,heldout_like_c,0.0,0.0384615384615384,0.0384615384615384,0.1153846153846153,2,15,0.0,0.3419888019561767,0.7513708784005119,0.1919193189470403,0.1324079017618793,0.7513708784005118,0.7107167640572446,0.7969581344843042,0.2847036120423041,0.2769254154820864,0.205744398386436,0.5547238885446087,0.078959213655868
procrustes,dinov2-small,mert-95m,300,,aggregate,0.735,0.7525,0.7675,0.7875,7,15,0.0255,0.2493024170398712,0.2023478202643722,0.1091197504140027,0.0407016087666404,0.2023478202643723,0.1999837472708241,0.2047684548441012,0.3622771482276528,0.2164971514022606,0.2174418922666189,0.3875973658998651,0.1448352559610338
procrustes,dinov2-small,mert-95m,300,,heldout,0.01,0.03,0.09,0.17,1,15,0.026,0.3908329010009765,0.3887760259695867,0.0925924963518673,0.0473489146055517,0.3887760259695866,0.3877555046304269,0.3898019332388985,0.2189775521403626,0.176146909774061,0.1916889202172014,0.5667887288005165,0.0272886319231612
d,dinov2-small,mert-95m,0,0.7,aggregate,0.05,0.1325,0.2175,0.3175,4,15,0.0185,0.4159777760505676,0.1750280939857573,0.0787515108521479,0.0286033030417328,0.1750280939857573,0.1732022375725632,0.1768928560126544,0.5313237411394143,0.4897168656091176,0.2174418922666189,0.3875973658998651,0.3138818488727953
d,dinov2-small,mert-95m,0,0.7,heldout_like_c,0.0,0.1153846153846153,0.2307692307692307,0.2692307692307692,1,15,0.0153846153846153,0.2773877382278442,0.7170831801242871,0.0054923550686669,0.0039008080245193,0.7170831801242873,0.6948369271409798,0.7408010436749491,0.4897072883446087,0.4365825409631557,0.205744398386436,0.5547238885446087,0.2839628899581726
unsup,dinov2-small,mert-95m,0,1.0,aggregate,0.0025,0.02,0.0275,0.06,0,15,0.0885,0.6693289875984192,0.2903244043704294,0.2057555097967096,0.0860181760815189,0.2903244043704294,0.2720965198259663,0.3111698298694721,0.2066625774269061,0.225191827395737,0.2174418922666189,0.3875973658998651,-0.0107793148397128
unsup,dinov2-small,mert-95m,0,1.0,heldout_like_c,0.0,0.0,0.0,0.1153846153846153,2,15,0.0538461538461538,0.5750163793563843,0.6800148686580916,0.1615932694465001,0.0803256714491386,0.6800148686580916,0.5977953850245472,0.788457624057164,0.1803024096142939,0.2100407285593312,0.205744398386436,0.5547238885446087,-0.0254419887721421
text,dinov2-small,mert-95m,0,,aggregate,0.0625,0.1675,0.2325,0.32,5,15,0.023,0.2829581797122955,0.1845252455950398,0.0936140832654016,0.031378962753049,0.1845252455950398,0.1771447515007271,0.1925474730425138,0.6260784439604461,0.3646712136523085,0.2174418922666189,0.3875973658998651,0.4086365516938272
text,dinov2-small,mert-95m,0,,heldout_like_c,0.0,0.1923076923076923,0.3076923076923077,0.3076923076923077,1,15,0.0,0.1282504647970199,0.7032439797026567,-0.0050252273222537,-0.0046367851622874,0.7032439797026566,0.6741547584145644,0.7349567570372151,0.5547238885446087,0.4016497990797643,0.205744398386436,0.5547238885446087,0.3489794901581726
c-direct,vit-mae-base,clap-fused,300,0.5,aggregate,0.17,0.3,0.3975,0.49,5,15,0.0785,0.5147960782051086,0.2980141968370428,0.214759879461679,0.08855214520345,0.2980141968370428,0.3039914670465626,0.2922674515473835,0.3079317824863224,0.2739169277289217,0.2174418922666189,0.3875973658998651,0.0904898902197035
c-direct,vit-mae-base,clap-fused,300,0.5,heldout,0.0,0.04,0.13,0.22,4,15,0.052,0.4557439386844635,0.4592621041854823,0.193417387439592,0.102584738942214,0.4592621041854823,0.4634611872492575,0.4551384275639294,0.2879564722631935,0.270294599846044,0.213959172471667,0.632529853065288,0.0739972997915264
c-transitive,vit-mae-base,clap-fused,300,0.7,aggregate,0.015,0.0625,0.1,0.1675,1,15,0.022,0.301397293806076,0.2825153330964356,0.2041473686130014,0.0960137771555614,0.2825153330964356,0.2554936679567353,0.3159287694634125,0.4242717298946101,0.329033560945749,0.2174418922666189,0.3875973658998651,0.2068298376279912
c-transitive,vit-mae-base,clap-fused,300,0.7,heldout_like_c,0.0,0.0,0.0,0.0294117647058823,0,15,0.0176470588235294,0.1362845003604889,0.5665299157469197,0.0836430957276011,0.0310880829015544,0.5665299157469196,0.4939407740295649,0.6641299181857436,0.2917312332774482,0.2677263513721167,0.1950028703395659,0.5979519847520942,0.0967283629378823
procrustes,vit-mae-base,clap-fused,300,,aggregate,0.0125,0.0425,0.07,0.1425,2,15,0.0065,0.2089829593896865,0.0927676410898809,0.0593042006249707,0.0081223025998453,0.0927676410898808,0.0527271286743531,0.3855536613365837,0.29084866932592,0.2245959083268991,0.2174418922666189,0.3875973658998651,0.073406777059301
procrustes,vit-mae-base,clap-fused,300,,heldout,0.0,0.0,0.01,0.06,0,15,0.002,0.4376991689205169,0.0828543820460873,0.016162279621187,0.0076284511027444,0.0828543820460873,0.0457949108682591,0.4343581062097665,0.2601075544338234,0.2183510873141575,0.213959172471667,0.632529853065288,0.0461483819621563
d,vit-mae-base,clap-fused,0,0.7,aggregate,0.065,0.1525,0.24,0.345,4,15,0.023,0.3478267192840576,0.1521119184327649,0.0515790785115962,0.0204383948551742,0.1521119184327649,0.1546590339954054,0.1496473415966014,0.5306389323214256,0.4916440884199728,0.2174418922666189,0.3875973658998651,0.3131970400548066
d,vit-mae-base,clap-fused,0,0.7,heldout_like_c,0.0588235294117647,0.1470588235294117,0.2647058823529412,0.3529411764705882,6,15,0.0058823529411764,0.2951453924179077,0.6577078167765983,0.0514140112976679,0.0368398079441292,0.6577078167765983,0.6432049680357266,0.6728797665595868,0.4960007543715132,0.4599035412835002,0.1950028703395659,0.5979519847520942,0.3009978840319472
unsup,vit-mae-base,clap-fused,0,1.0,aggregate,0.0025,0.0075,0.0275,0.0775,1,15,0.107,0.6642146110534668,0.3763735540952009,0.3053294664910516,0.1480549676848103,0.3763735540952009,0.3744625835128626,0.3783041289870621,0.2427998670542126,0.2234764997792186,0.2174418922666189,0.3875973658998651,0.0253579747875937
unsup,vit-mae-base,clap-fused,0,1.0,heldout_like_c,0.0,0.0,0.0,0.0294117647058823,2,15,0.0470588235294117,0.5275002717971802,0.666502754373497,0.1686234423770163,0.1341256366723259,0.6665027543734969,0.629562302502966,0.7080484936897835,0.2175505009005018,0.1915892560465239,0.1950028703395659,0.5979519847520942,0.0225476305609359
text,vit-mae-base,clap-fused,0,,aggregate,0.0625,0.1675,0.2325,0.32,2,15,0.023,0.0701390355825424,0.123407103882864,0.0211538223714308,0.0027898026736715,0.123407103882864,0.1222235194914057,0.124613835544032,0.6260784439604461,0.3646712136523085,0.2174418922666189,0.3875973658998651,0.4086365516938272
text,vit-mae-base,clap-fused,0,,heldout_like_c,0.0588235294117647,0.1764705882352941,0.2352941176470588,0.3235294117647059,6,15,0.0294117647058823,-0.0326540172100067,0.6610986496696627,0.1193128491917491,0.0815906210392902,0.6610986496696626,0.6326311836080558,0.6922488210988139,0.5979519847520942,0.3626443798641041,0.1950028703395659,0.5979519847520942,0.4029491144125282
c-direct,vit-mae-base,clap-larger,300,0.5,aggregate,0.18,0.315,0.41,0.5175,6,15,0.072,0.4483440220355987,0.2928014985993318,0.2088872100766142,0.0916224364331689,0.2928014985993318,0.2961469060003573,0.2895308293480219,0.3017459803348774,0.2715771461980201,0.2174418922666189,0.3875973658998651,0.0843040880682584
c-direct,vit-mae-base,clap-larger,300,0.5,heldout,0.02,0.08,0.14,0.25,5,15,0.038,0.3726535737514496,0.4174577049901358,0.1309494101211104,0.0643976423594577,0.4174577049901358,0.4206620952909824,0.4143017644608526,0.2986452390638371,0.2695140085008523,0.213959172471667,0.632529853065288,0.08468606659217
c-transitive,vit-mae-base,clap-larger,300,0.7,aggregate,0.0125,0.055,0.095,0.1575,4,15,0.0115,0.254935085773468,0.276720169179058,0.1933216920981036,0.0843027590083659,0.276720169179058,0.257886830843019,0.2985209992606472,0.3735217704448741,0.3325740896270723,0.2174418922666189,0.3875973658998651,0.1560798781782552
c-transitive,vit-mae-base,clap-larger,300,0.7,heldout_like_c,0.0,0.0384615384615384,0.0384615384615384,0.0384615384615384,1,15,0.0,0.1503158956766128,0.6994003026517247,0.1288309581088474,0.0658854742427592,0.6994003026517246,0.6351229816915471,0.7781528987134919,0.3036605746946489,0.2761962286550301,0.192154621662689,0.6228372345921207,0.1115059530319599
procrustes,vit-mae-base,clap-larger,300,,aggregate,0.035,0.0725,0.115,0.1825,3,15,0.0235,0.1929584592580795,0.192664425489083,0.1411423806723389,0.0450888589766099,0.192664425489083,0.1485035226850974,0.2742057455891865,0.2963373599289904,0.2230339102131066,0.2174418922666189,0.3875973658998651,0.0788954676623715
procrustes,vit-mae-base,clap-larger,300,,heldout,0.0,0.02,0.05,0.05,1,15,0.024,0.0988568514585495,0.2576615801357659,0.1052195081524262,0.0309441186001643,0.2576615801357659,0.1980027855117845,0.3687743158112653,0.2905918277334287,0.2168286343183244,0.213959172471667,0.632529853065288,0.0766326552617616
d,vit-mae-base,clap-larger,0,0.7,aggregate,0.055,0.1475,0.235,0.3425,5,15,0.022,0.3167073130607605,0.1629463125911319,0.0636744104375154,0.0241273403815486,0.1629463125911319,0.1653967314165971,0.1605674416282492,0.5265673692657513,0.4907469374452586,0.2174418922666189,0.3875973658998651,0.3091254769991324
d,vit-mae-base,clap-larger,0,0.7,heldout_like_c,0.1538461538461538,0.2692307692307692,0.3461538461538461,0.3461538461538461,3,15,0.0384615384615384,0.1037271916866302,0.7055849965479792,0.0465890326043775,0.030140256639809,0.7055849965479792,0.666348403069961,0.7497314330371219,0.5032749826159532,0.4802761443511878,0.192154621662689,0.6228372345921207,0.3111203609532641
unsup,vit-mae-base,clap-larger,0,1.0,aggregate,0.0075,0.0175,0.0375,0.07,4,15,0.1025,0.6855726838111877,0.3406668731861476,0.2623649942290411,0.1100833813983628,0.3406668731861476,0.3393195971790704,0.3420248906210018,0.2448428218249972,0.2201166688333289,0.2174418922666189,0.3875973658998651,0.0274009295583782
unsup,vit-mae-base,clap-larger,0,1.0,heldout_like_c,0.0384615384615384,0.0384615384615384,0.0384615384615384,0.0384615384615384,0,15,0.023076923076923,0.4527644515037536,0.729806795992631,0.1472375558575,0.1379310344827586,0.7298067959926311,0.6859978545449987,0.7795928675701045,0.2547634578258039,0.196355685179955,0.192154621662689,0.6228372345921207,0.0626088361631148
text,vit-mae-base,clap-larger,0,,aggregate,0.0625,0.1675,0.2325,0.32,3,15,0.0165,0.0674779266119003,0.1301331965977404,0.0265789477001956,0.0049498943508211,0.1301331965977404,0.12734377292657,0.1330475598549437,0.6260784439604461,0.3646712136523085,0.2174418922666189,0.3875973658998651,0.4086365516938272
text,vit-mae-base,clap-larger,0,,heldout_like_c,0.0769230769230769,0.1923076923076923,0.3076923076923077,0.3846153846153846,4,15,0.0,0.1038040071725845,0.6972379396204487,-0.0116005687004077,-0.0096468279921517,0.6972379396204487,0.6653156858185835,0.7323778784701239,0.6228372345921207,0.4775600491543879,0.192154621662689,0.6228372345921207,0.4306826129294316
c-direct,vit-mae-base,clap-unfused,300,0.5,aggregate,0.1325,0.2675,0.325,0.41,5,15,0.0815,0.5220334529876709,0.31335247540718,0.2319021337083779,0.1034384652901967,0.31335247540718,0.3184829331205194,0.308384690791394,0.3021363862479125,0.2758199814085924,0.2174418922666189,0.3875973658998651,0.0846944939812935
c-direct,vit-mae-base,clap-unfused,300,0.5,heldout,0.02,0.07,0.1,0.17,2,15,0.052,0.4370004534721374,0.4746262494001049,0.2093008232529212,0.1312116547346503,0.4746262494001049,0.4814995602189842,0.4679464071558109,0.3071728739184705,0.2740135383816632,0.213959172471667,0.632529853065288,0.0932137014468034
c-transitive,vit-mae-base,clap-unfused,300,0.7,aggregate,0.0225,0.0575,0.0875,0.155,2,15,0.032,0.3133141994476318,0.2839738980575249,0.2066151858832076,0.0905261003937725,0.2839738980575249,0.2634428359896923,0.307975557724046,0.4174013798958826,0.3299765850646699,0.2174418922666189,0.3875973658998651,0.1999594876292636
c-transitive,vit-mae-base,clap-unfused,300,0.7,heldout_like_c,0.0,0.0,0.0,0.0357142857142857,1,15,0.0357142857142857,0.1805744171142578,0.6105791921352703,0.1329773747718986,0.0713468398734603,0.6105791921352703,0.5296668666895649,0.7206691806788703,0.3372025778850314,0.2913705086365903,0.2219554164439705,0.6389389281304482,0.1152471614410608
procrustes,vit-mae-base,clap-unfused,300,,aggregate,0.015,0.0375,0.0625,0.1225,3,15,0.1455,0.3042564392089844,0.1479100418799338,0.1063374194072455,0.0300590418633665,0.1479100418799338,0.1033851427783123,0.2597967633654019,0.3124850677464972,0.227755615642811,0.2174418922666189,0.3875973658998651,0.0950431754798782
procrustes,vit-mae-base,clap-unfused,300,,heldout,0.0,0.02,0.03,0.03,2,15,0.1859999999999999,0.2614968121051788,0.1311007897282716,0.0479623446892865,0.0103381993869811,0.1311007897282716,0.0878893850738714,0.2578981342427711,0.2968574379116963,0.2212394962452367,0.213959172471667,0.632529853065288,0.0828982654400292
d,vit-mae-base,clap-unfused,0,0.7,aggregate,0.0575,0.1425,0.23,0.33,6,15,0.0204999999999999,0.3287363648414612,0.1707689367354146,0.0723508209967365,0.0256590725097626,0.1707689367354146,0.1738373650002305,0.1678069521527705,0.5275268624824204,0.4913884658633962,0.2174418922666189,0.3875973658998651,0.3100849702158015
d,vit-mae-base,clap-unfused,0,0.7,heldout_like_c,0.1071428571428571,0.1785714285714285,0.25,0.3571428571428571,3,15,0.0142857142857142,0.3347939848899841,0.6575790367421622,0.0015027294074095,-0.0024479804161566,0.6575790367421622,0.6328306194240091,0.6843419322266961,0.5433613787352892,0.518969747620954,0.2219554164439705,0.6389389281304482,0.3214059622913187
unsup,vit-mae-base,clap-unfused,0,1.0,aggregate,0.0,0.0075,0.0275,0.065,0,15,0.0914999999999999,0.686484158039093,0.3597512314841243,0.2843589843641715,0.1597160512167488,0.3597512314841243,0.353404840699997,0.3663297253966707,0.2296384307946936,0.2239935242202447,0.2174418922666189,0.3875973658998651,0.0121965385280747
unsup,vit-mae-base,clap-unfused,0,1.0,heldout_like_c,0.0,0.0,0.0,0.0357142857142857,0,15,0.0285714285714285,0.5182226896286011,0.7048403967238996,0.1699633233336042,0.1044422507403751,0.7048403967238996,0.6707668066826955,0.7425609850617725,0.1868299722339942,0.2179463058574932,0.2219554164439705,0.6389389281304482,-0.0351254442099763
text,vit-mae-base,clap-unfused,0,,aggregate,0.0625,0.1675,0.2325,0.32,3,15,0.019,0.0816995650529861,0.1340081384104872,0.0296009511084646,0.006196604175326,0.1340081384104872,0.131397371487537,0.1367247564652226,0.6260784439604461,0.3646712136523085,0.2174418922666189,0.3875973658998651,0.4086365516938272
text,vit-mae-base,clap-unfused,0,,heldout_like_c,0.1071428571428571,0.2142857142857142,0.3214285714285714,0.3571428571428571,2,15,0.0071428571428571,0.0141151398420333,0.7455097298707641,0.1879596631865966,0.1624815361890694,0.7455097298707641,0.735352096878524,0.755951914147227,0.6389389281304482,0.3245497558658932,0.2219554164439705,0.6389389281304482,0.4169835116864776
c-direct,vit-mae-base,mert-330m,300,0.5,aggregate,0.0425,0.0925,0.165,0.245,8,15,0.0839999999999999,0.6951508522033691,0.3364383646796401,0.2577912481342529,0.1116680445082978,0.3364383646796401,0.3417552855524169,0.331284347358597,0.2662176482786231,0.2462086158098617,0.2174418922666189,0.3875973658998651,0.0487757560120042
c-direct,vit-mae-base,mert-330m,300,0.5,heldout,0.0,0.03,0.1,0.16,4,15,0.078,0.6257082223892212,0.4497393393812817,0.1892727945682867,0.1429339555477373,0.4497393393812817,0.4497245844627425,0.4497540952680346,0.2645806372085337,0.2486283594321111,0.213959172471667,0.632529853065288,0.0506214647368666
c-transitive,vit-mae-base,mert-330m,300,0.7,aggregate,0.0175,0.0475,0.085,0.14,2,15,0.0055,0.2771403789520263,0.2714156602625179,0.1966083695933721,0.0908570208722947,0.2714156602625179,0.2375290090293648,0.3165799763609194,0.1806538877756974,0.2746339107652266,0.2174418922666189,0.3875973658998651,-0.0367880044909215
c-transitive,vit-mae-base,mert-330m,300,0.7,heldout_like_c,0.04,0.12,0.16,0.2,4,15,0.0,0.1820347905158996,0.6171695170543843,0.1953431972302055,0.0987654320987654,0.6171695170543844,0.4876189839947981,0.840463805377456,0.1592997311127012,0.2722207133710989,0.2264377350645136,0.6389838162763123,-0.0671380039518124
procrustes,vit-mae-base,mert-330m,300,,aggregate,0.1025,0.17,0.2,0.285,0,15,0.1445,0.4174559116363525,0.2458879989770751,0.1903337548445352,0.0610728245657176,0.2458879989770751,0.1945048510781314,0.3341660108883507,0.2671195155825198,0.2195615967617729,0.2174418922666189,0.3875973658998651,0.0496776233159008
procrustes,vit-mae-base,mert-330m,300,,heldout,0.0,0.01,0.04,0.07,1,15,0.1139999999999999,0.3264288306236267,0.2459757832700807,0.1318647833553415,0.0472191133015649,0.2459757832700807,0.1772917986656455,0.4015317813096365,0.2448594927054667,0.2140605095493005,0.213959172471667,0.632529853065288,0.0309003202337996
d,vit-mae-base,mert-330m,0,0.7,aggregate,0.0575,0.1675,0.2325,0.3475,7,15,0.026,0.4716944098472595,0.1656144394837031,0.0665983244650371,0.0229443467358559,0.165614439483703,0.1673196705398942,0.1639436153453985,0.5341964863458317,0.4910973592851324,0.2174418922666189,0.3875973658998651,0.3167545940792128
d,vit-mae-base,mert-330m,0,0.7,heldout_like_c,0.12,0.16,0.28,0.36,4,15,0.0,0.6755965948104858,0.6851315294207145,0.1115529304694153,0.0757855822550831,0.6851315294207144,0.6065058978085394,0.7871791009775583,0.5580494024317557,0.5064891601586102,0.2264377350645136,0.6389838162763123,0.331611667367242
unsup,vit-mae-base,mert-330m,0,1.0,aggregate,0.0025,0.0275,0.035,0.08,2,15,0.1305,0.8225733637809753,0.3892272013531239,0.3184722361844133,0.173100245611096,0.3892272013531239,0.3829988973621462,0.3956614225323669,0.2146673118424963,0.2235929748635132,0.2174418922666189,0.3875973658998651,-0.0027745804241226
unsup,vit-mae-base,mert-330m,0,1.0,heldout_like_c,0.0,0.0,0.0,0.08,3,15,0.08,0.8970699310302734,0.7791218897767522,0.3683764621087447,0.3068391866913124,0.7791218897767523,0.6921402574677352,0.8911078896832955,0.2494321459988134,0.2329197113007662,0.2264377350645136,0.6389838162763123,0.0229944109342997
text,vit-mae-base,mert-330m,0,,aggregate,0.0625,0.1675,0.2325,0.32,5,15,0.012,0.101488396525383,0.1179179856251641,0.0185183555199062,-0.0015802368119992,0.1179179856251641,0.1120416427470757,0.1244448500138303,0.6260784439604461,0.3646712136523085,0.2174418922666189,0.3875973658998651,0.4086365516938272
text,vit-mae-base,mert-330m,0,,heldout_like_c,0.04,0.08,0.2,0.36,5,15,0.0,-0.1062709838151931,0.6320092034032836,-0.0282112945268522,-0.0195035460992907,0.6320092034032837,0.5572915210531004,0.7298642032292273,0.6389838162763123,0.3494492788137208,0.2264377350645136,0.6389838162763123,0.4125460812117986
c-direct,vit-mae-base,mert-95m,300,0.5,aggregate,0.07,0.17,0.2175,0.2975,3,15,0.088,0.7357003688812256,0.3389383637971604,0.2610288165005383,0.1242469559936593,0.3389383637971604,0.3422977083380448,0.3356443163225467,0.2755713852960617,0.2396484113736248,0.2174418922666189,0.3875973658998651,0.0581294930294427
c-direct,vit-mae-base,mert-95m,300,0.5,heldout,0.01,0.01,0.04,0.09,3,15,0.052,0.6420550346374512,0.4426660160879539,0.1746014986314225,0.0897184296748001,0.4426660160879539,0.4447806496003373,0.4405713947576663,0.2583202512861761,0.2378807264242878,0.213959172471667,0.632529853065288,0.044361078814509
c-transitive,vit-mae-base,mert-95m,300,0.7,aggregate,0.0075,0.0375,0.0725,0.13,4,15,0.0055,0.212185263633728,0.2186713164175113,0.1310897299269827,0.0577332114629818,0.2186713164175112,0.2014808381280259,0.2390688267414467,0.275797377448515,0.2851784765010916,0.2174418922666189,0.3875973658998651,0.0583554851818961
c-transitive,vit-mae-base,mert-95m,300,0.7,heldout_like_c,0.0,0.1111111111111111,0.1481481481481481,0.1481481481481481,4,15,0.0074074074074074,0.0618360750377178,0.6096006801346877,-0.0165547111772927,-0.0137436510307738,0.6096006801346877,0.549386377146768,0.6846390602760535,0.2586839672391643,0.28433146890214,0.2343664647699369,0.6336414749834164,0.0243175024692274
procrustes,vit-mae-base,mert-95m,300,,aggregate,0.175,0.2625,0.31,0.41,2,15,0.132,0.4363394975662231,0.2570796385755949,0.1823784394654468,0.0814450658437395,0.257079638575595,0.2115290590416565,0.3276317159185452,0.2569956298992175,0.2193238970529549,0.2174418922666189,0.3875973658998651,0.0395537376325985
procrustes,vit-mae-base,mert-95m,300,,heldout,0.01,0.01,0.01,0.07,0,15,0.13,0.3625158071517944,0.3019454062562838,0.1542680230645986,0.0581696786586844,0.3019454062562837,0.2234110539398431,0.4656231173688851,0.2420708228211605,0.2138098767167648,0.213959172471667,0.632529853065288,0.0281116503494935
d,vit-mae-base,mert-95m,0,0.7,aggregate,0.0475,0.1425,0.2175,0.355,5,15,0.019,0.5127457976341248,0.1471496143687229,0.048768027896132,0.0145166410275193,0.147149614368723,0.1474884755803063,0.1468123066846969,0.5307370722324741,0.4904987989915685,0.2174418922666189,0.3875973658998651,0.3132951799658552
d,vit-mae-base,mert-95m,0,0.7,heldout_like_c,0.074074074074074,0.1851851851851851,0.2962962962962963,0.3703703703703703,2,15,0.0296296296296296,0.6402238607406616,0.7472406765064269,0.1200315133984584,0.0791217895608947,0.747240676506427,0.7354020899200259,0.7594666572378285,0.5393590642281736,0.4928158530124155,0.2343664647699369,0.6336414749834164,0.3049925994582366
unsup,vit-mae-base,mert-95m,0,1.0,aggregate,0.0025,0.0225,0.0375,0.06,3,15,0.1175,0.7995705604553223,0.3349914785309613,0.2615077758210768,0.1442526308766859,0.3349914785309613,0.3243855777497959,0.3463143481895673,0.2181330549099269,0.2212698213120393,0.2174418922666189,0.3875973658998651,0.000691162643308
unsup,vit-mae-base,mert-95m,0,1.0,heldout_like_c,0.0,0.037037037037037,0.074074074074074,0.1111111111111111,3,15,0.0148148148148148,0.7620049715042114,0.6147684707558762,0.0388855511083228,0.0335649665661465,0.6147684707558762,0.5437935671869525,0.7070514880869398,0.264876611932796,0.2271781485534399,0.2343664647699369,0.6336414749834164,0.030510147162859
text,vit-mae-base,mert-95m,0,,aggregate,0.0625,0.1675,0.2325,0.32,3,15,0.024,0.1042153090238571,0.1165146343990726,0.0187432841266232,0.0017420255855862,0.1165146343990726,0.1133439536615922,0.1198678134153497,0.6260784439604461,0.3646712136523085,0.2174418922666189,0.3875973658998651,0.4086365516938272
text,vit-mae-base,mert-95m,0,,heldout_like_c,0.074074074074074,0.1851851851851851,0.2222222222222222,0.3333333333333333,2,15,0.0222222222222222,-0.0487900897860527,0.6617823078393165,-0.0862154661490025,-0.0649121569180836,0.6617823078393166,0.6395978285534891,0.6855610225648767,0.6336414749834164,0.3282075581174468,0.2343664647699369,0.6336414749834164,0.3992750102134794
